filename,fake,fake_or_real,anatomical,stylistic,functional,law_of_physics,sociocultural
32e6b370139e3ea9eec377b6f6db90347a644685389a638bfdf2eb96e7c78b75.jpeg,0,,,,,,
bcd62a29647bf78c402710ba7a9683f9bc8b064187b6643e6ff86fdcc32c2bd2.jpeg,1,Firefly,1,1,1,0,0
765078d524b481fbb30b8acc1a7adf6926c79df9a914c4bd94fc97418e090acc.jpeg,0,,,,,,
bc2aa38a0c2b0b8990392684259bcfe08533ee9b25348213d9ac356d4eadcf75.jpeg,0,,,,,,
50e4ccb0e4859a4b40b5eb7f3b233235c56a8f48b36800db16d094e2a20c978e.jpeg,1,Firefly,0,1,1,0,1
55bf29fb606f25f6640805738772d4e04497c0154f8946f458cfc92c26e1cc63.jpeg,1,Firefly,1,0,0,0,0
496b696785ad2da1e310e53bb5be541d2ea161424b076eabeb0b1d4a6b6d2f3e.jpeg,0,,,,,,
ac2a72c405bced22a85f5db5d6bfc7f2d7a98ebc924249ec2e6a5fbb4e82e5ae.jpeg,1,Firefly,0,0,1,0,0
b472b7624e736851155da6ece8d096ed1d6ffb74cd3710667a4e956d0812cfc9.jpeg,0,,,,,,
83eec5e8051769e1a158392169bd99922fd29d94eaa75fb6735c23358ab73a8d.jpeg,1,Firefly,1,0,1,0,0
77e831c12f1b6ab7cb36524f8e5b6a9dba54ba67a7b6d83ee3cc5654dd7fa564.jpeg,1,MidJourney,0,0,1,0,0
3dfa53ac25668d109f3140a945dbe8c31ceb748e0052593d8c68c58650f288ad.jpeg,1,MidJourney,1,1,0,0,0
1baf3f78a5ea367863f70e867819f795ca6bcf73a331f741ba00f484aed98b61.jpeg,0,,,,,,
1c5a36da63d77c6a529d14f6ede897e28406569e3e471361f4282d10a1c7442b.jpeg,1,Firefly,0,1,1,0,0
bd38e3b314f1e8f737cca898e67f4c819e7e4f7ddbd3ae5734842d07af98eae2.jpeg,1,Firefly,1,0,1,0,0
72e787a3728c9c1f0ff14c998e5d9ed6251487a455d79452ae5c169e80c99ba9.jpeg,1,Firefly,1,0,0,0,0
e954a8a31de9ea325f6fc7bc7d0625616c24cf6f22da64264f167702fd8cd0e0.jpeg,1,Firefly,0,0,1,0,0
ef8811162e1b2ae0642abd51d914c57f6d35252f92a85c6c502b3a0a0a60b534.jpeg,1,MidJourney,1,1,1,1,0
501f1f9992f910d097c56b82b13e55b00bae418e7c527a1764f2acfd283f39d4.jpeg,1,Firefly,1,1,1,0,0
4e243569127164f70aac626c64546d56980e4a85f99f14c2c35807bd787f0cf9.jpeg,1,Firefly,1,1,0,0,0
c0e0a6207ab30f2937eb037fd837448b858401f4a13cf56aa9aff2c88cef6e3d.jpeg,1,Firefly,0,0,1,0,1
ea4e8c5d30ee38844257b18989107682474d269dfbec4930f4dac730b0ea9cda.jpeg,0,,,,,,
3340855f852b9edcf58c9d93bfa7b4b1d8ac52bd24605ab330005c361f2e6e9c.jpeg,1,Firefly,0,0,1,0,0
38139dcf64d5bf28a116249a7709fc4502cc23b21a9b039666f5929621d68778.jpeg,1,Firefly,0,1,1,0,0
485db0684c82b3bdd0e828a65f7fa29c05e435591145d1e631413308f8c11d1a.jpeg,1,Firefly,1,0,1,0,0
d874863b830ebb52890a4a4e74d07fb1f8bf50c4f97c0d077862b81041fec037.jpeg,1,Firefly,1,0,1,0,1
b9ffcfd92a428ee06eeedffd97855545653dad7ab60f9a2c7fe2c2c39561486a.jpeg,0,,,,,,
7784c7d9d0ff5eec84cf377888af309f0b2e1af6f5a5b3f89ae7b4de591de9a5.jpeg,1,MidJourney,0,1,1,0,0
b9836f50be0bc4098534bf668a8d68209c3708e6574595f492faeff454fcba7f.jpeg,0,,,,,,
f891b8cf1c778c5fb56e3d6999b1859a61b54b931350e3da9a7a330c642433f0.jpeg,1,Firefly,1,0,1,0,0
a4ab5aec8b46f34df86ebdc4e8b273ec79a91aa6891bfdc4bbc9c2c19cd22c30.jpeg,1,Firefly,1,1,0,0,0
48e1246a9425640df00bf3390b46d4881e5a6880d2efdb51713f8dac970079c8.jpeg,1,Firefly,0,0,1,0,0
6eafc96cd46f1b0ddc0a9a09dd61ad450fded1f865e0e7aeb3fdd7363dd1d3c5.jpeg,1,MidJourney,0,1,0,0,0
c362188ff928cf10b6cb734ba674c8f91af2ab48af337ebc873cd06769b429a1.jpeg,0,,,,,,
e27a20ee799c9f1c6aaf2ed366a77a0037c666fced5ed5d7651625648c9ffc7c.jpeg,0,,,,,,
def72dae66f159aba9995ef11436ae6184205d851f75cb69691cc815a471bd20.jpeg,1,Firefly,1,0,1,0,0
adaaf49f21e18af9cadbaea62bc196c5190021d985cb8ebdbb26a80d9bf75c07.jpeg,1,Firefly,0,0,1,0,0
1ef5cf0c498c7cd83f1b64610161ee205d4bc767034157d7bd5d0ee35bf0f22e.jpeg,1,MidJourney,1,1,0,0,0
e0a6708e42d5279ba80df469c47b71f911a2094654fdee316eceb557a8a69af6.jpeg,1,Firefly,1,0,0,0,0
d7fbaced4784f71e354f735129a0f500a24a5bab3ff6b524002d36faf8a50fa2.jpeg,0,,,,,,
eb8a6a06e09a18f043bbfe1b00e89f8100094d5cbcd5a9b954cae0171815994d.jpeg,1,Firefly,0,1,0,0,0
3de04fb6e7a042632a00f765cdb60e39224156c3a9d7055951f5a0298feb2dba.jpeg,1,MidJourney,0,1,1,0,0
39cd03d21d22521435aa117fb98e1d3077faf0166ac7e8adbfb7897a2072473f.jpeg,1,Firefly,1,1,1,0,0
931bc8f6f27db9d9e0df2784aa26ca01ea446200f2efd73b1ae8e628a367d3de.jpeg,0,,,,,,
6ab9341503bef5ebc4af7a2a9f8ef81524a9da2bd5960901f9a62bba06dfb4fd.jpeg,0,,,,,,
ecbfd2914748001a659697b071325c4fbe238d3e039996b77b0a91723558ab2f.jpeg,1,Firefly,1,0,0,0,0
e4fd0b7c8c7d3dca42aab01618224fabc57cb8690ec4f3566b3335f83c8ab0ff.jpeg,0,,,,,,
bdb32206b51ba1b27eb8dc0de82983df122c00541ff39dde66efef241cd920aa.jpeg,0,Reals,0,0,0,0,0
91f6d7c058d344cac284e32c7528ad52227190b95375ae261c10e8fb7d94425b.jpeg,0,Reals,,,,,
e742dd54126898021bae77733eb7cc9199ecd7e2d61c98b7c5f27c2e2aac684b.jpeg,1,Firefly,0,0,1,0,0
2748b11f8b5d99aedf9fdc836135a01bc75bcd38d379062edf87ef1c02693cdc.jpeg,1,MidJourney,0,1,1,0,0
03a001b85768dd4c7bcb8e20486bf0f20973314b1ec269ef1057f6565de34016.jpeg,0,Reals,,,,,
372c9af150cdc4c7ca99ea394428aad5fad587ca2f1752c97b3b1b99df25dc45.jpeg,0,Reals,0,0,0,0,0
c65987f9418f465555948957aa66dced2c94386ef70da3809c09ba7a7fd8dd8b.jpeg,0,,,,,,
d7566f46f0bb89ddbc9f7482684cb2829df6aba9085b036ba0ac529894de6bc2.jpeg,1,,,,,,
430e3b469248d6290d8b5ad08fbc752f596cfdd7da73e47ace0763dab563f3d2.jpeg,1,Firefly,1,0,1,0,0
caadef308d96920d0b59e3be3667e166c905c656bad05fcc0346b03e7c1f4b7a.jpeg,0,Reals,,,,,
d7f62506968b2101234d06827fc7f959bd2e09c98c21e28d86ef8a4b6c7f9ca7.jpeg,0,Reals,,,,,
810bcecc0287f5afe2bc9e1cb2b18ec1144811921d7599d6b2c6fcc5e47a4aa3.jpeg,0,Reals,0,0,0,0,0
a29a9ffccbb588badb92c4b70c365719c7038cba0d2704d0172ab0888d63017d.jpeg,0,Reals,0,0,1,1,0
3781951e1d5a87db45afd556c3e1c1f3acebeb8d7af9f451417a4dc8eee3b530.jpeg,0,Reals,0,1,0,0,0
539e5299752e361e6a5e79539f7877b201ea0d58f580aa5daab9ea07c0e49405.jpeg,1,MidJourney,0,0,0,1,0
8e6893f8f3ee91c3fbc08b5a0cd14de39f9c663eb2f5e1df30069318616a57ea.jpeg,1,MidJourney,0,1,1,0,0
f97d3807962bdef96095712643bf0e8283555ecdef0d48aa0735b86200d956a1.jpeg,0,Reals,,,,,
d5bc548d83beeaaf4ef78b0c75bf652dfacaec69b0aa1939b03b0343a6342542.jpeg,0,Reals,0,0,0,0,
75c47d208befde17a09760eb8b9231cd75a62b22243ec0e71d59f32d8ea60254.jpeg,0,,,,,,
d31db6bc932a8db362778abbcfdf052c91248c8ff2bcfb4dbba68dfc5defac3f.jpeg,1,MidJourney,1,1,0,0,0
4cc9c7d3b6fe6d734484359160f73435dd492beb201321546381886d465dbb09.jpeg,1,MidJourney,0,1,0,0,0
d844265d78659148842238420ec306fbc2f23822e18d7cfb5a81720831c960a1.jpeg,0,,,,,,
5a38a89f06ff8721b32a70e78fe17af3bb6e472d0f54dd3c3b213190914e1b5b.jpeg,0,Reals,,,,,
692a0b6328263713cb39c4b16268c74b04c182aaf63b3188d10dcc5954d7c59f.jpeg,1,Firefly,,,,,
24312c850b921cf9e509624d000492f802a222a981adbf97c836d5f2190accf7.jpeg,0,Reals,0,0,0,0,0
70b272fa1e6720074bc46ac2147b7671a380eed3084bf4a246d4a792f350d144.jpeg,0,Reals,0,0,0,0,0
8476d564351663205ee1ac55de2bb154bde857079eaa466eb2393d27ab80eb4a.jpeg,1,,,,,,
d09add37365b7335c5f96ceb3f90a7cf64e683643a2a46ce67a213b6554a9369.jpeg,0,Reals,0,0,0,0,0
66b5466707b3d8e9a14da147ae2e4acc1f2a071ad83dcdccfb0e16f626b03ef6.jpeg,0,Reals,0,0,0,0,0
a78602fa52fe9377759a2df17a8a09cdbf52a21626a202b4c2a11460312104f5.jpeg,0,Reals,0,0,0,0,0
daab510ce577421c45ef147f643173f1e7018888813515d82520778e8e789ab1.jpeg,1,Firefly,0,1,0,0,0
25f365fc712436faa2572a6f2b9dddb014a2bc5e16b6724e6e4afa7a1c732df8.jpeg,1,,,,,,
1d2856c4cb2dccc727efb0eb05672eb875a661cc2fd6815549f1960e68e77cad.jpeg,0,Reals,,,,,
9e22abd2a90213edadab2ec80f95452033994513954c34ebf369e28ba33d719c.jpeg,1,MidJourney,0,1,0,0,0
147f5d8b608dbac559755f938c8b3fda1183adb32bd1d3f5689b0a70b0f04fc0.jpeg,1,MidJourney,1,0,1,0,0
427d9398e6271c7b0a4a22f0e3ecb39256cbd96d8179905e5ac1ccf8d4800d22.jpeg,1,Firefly,1,0,1,0,0
69366cd87b43dc517f61972bf961f1fbb07d022aed7ad9d500eabedd08fa7fbc.jpeg,0,Reals,0,0,1,0,0
c3a9f27c42510854b34e327a6d31c969b28dfad01f8f8cfe257c5e8d17505222.jpeg,1,MidJourney,0,1,0,0,0
1bdb689933a60fa032f0ea506c0657d252e830d304a4e839f4ff4d8918272997.jpeg,1,Firefly,1,0,1,0,0
a38995f6f1d5876db6be236bcda965042aed9e3630803572f9b485b0b4a408a2.jpeg,1,,,,,,
b12ad54e54c8cece38e862c6b11edf66f1f15459d504b5107c3af796aec8c334.jpeg,0,Reals,0,0,0,0,0
d2a0b9077cb5d81e04276f228bca36368e0be218e1a04a0701c8e46a4126a42a.jpeg,0,Reals,,,,,
8d1d2f550e628c39c05c39b3219fd754cc116a706f8fb334a0572a3156b10b64.jpeg,1,,,,,,
4358053f422f98be194ad1083cdb2d19301bc829627bf6a8917c87832185ba49.jpeg,1,,,,,,
40cdea68f25828d8bfd84a557479400c72bfb6941c1de300a4e10eee4831c421.jpeg,0,Reals,,,,,
570d6d559baf4618fe3f3c3ce0e77616edc970ae82a8ca3b0fce2c96650c0f5b.jpeg,1,MidJourney,0,0,1,0,0
fa746408ff082dc50f0f29608b9068e74dd6722220f0360e71aa3ba69369b3d1.jpeg,1,,,,,,
e6515b7ecbe97a3a8171ea233e414dcfe14c36acc2ebd11d504d2322f48126fa.jpeg,1,,,,,,
6fb659766b7b27ffcd747e63703b1844aabc1e3a72ebfdfee2c1fe66ca25f15f.jpeg,0,Reals,0,0,0,0,0
f87823469991b7b1704ff9e4d4c7d05674097995db209a8e20dbcafdbc5cece9.jpeg,0,Reals,0,0,0,0,0
b791696b1ebbff7246de17cfb44db13240fe48cf58662c51b49167d6d76097e3.jpeg,1,,,,,,
209db0b14fefa19ee903c29f1a8db91a3f3cb29f39cc615a5f62763f450f2b0c.jpeg,1,,,,,,
603009424ffd1c430b6465a50f70c13b7fb587c9e1e95ed345e92f09e7c9c081.jpeg,1,,,,,,
7e47fe917ef822b1c7abef85285bb6c702b9b5a9bfacf2883d1f8d6e3cbb86e2.jpeg,1,,,,,,
63b3e7984cd58d477392d4cf52731765c6d8d6878a7d29eecff28fcbdfa20a9b.jpeg,0,Reals,,,,,
7627c41bd53147f41f5021a3343a5ce2e327b40eea0e548c7dc576df2d1778c7.jpeg,0,Reals,0,0,0,0,0
d55e4f5792df192d411b14e7ee76d1f96fbd2796482f73869eaccb813d194592.jpeg,1,,,,,,
d454db94cd3be23bb967c78dceb8a045d7e4023231f233cd79d66e830ce40ddf.jpeg,1,,,,,,
dd1e65628e57a97c53099add1b79959ce442f457d60b679740b0386a9d6f27b2.jpeg,1,,,,,,
bcfd2b29105ae85e9179e13174fc9f41ac50693603f2d770dfbaab4300ee8a58.jpeg,0,Reals,,,,,
dc4306827da99fa4b433da1f1332089c52fddbc7d38ff385434f7824ea9f7901.jpeg,1,,,,,,
0b5a6fe395e6652f45b8bdab691c28adc961287d6ecc86ca1f739abcfe584ed2.jpeg,1,,,,,,
590770425df39d759cee040ebb904ddaf18e02ae9b72edd70c174d1a6564c8ce.jpeg,1,,,,,,
b44f76c982e61da75229c6c579a44c3ead8144f558b4381cd30e4d6df14b6028.jpeg,0,Reals,,,,,
50bee2eccb704a73a6c7455b4ded9dfd64f2446fd3cc79f05066d5d4266203d9.jpeg,0,Reals,0,0,0,0,0
a009f836439974237dbabb28ee641a9e91c221bbc64198b3410ec8b7120f3d84.jpeg,1,,,,,,
9e1210d3615408ca237ca00946d8636217b7f7cc1167c0d75a14c126bce26897.jpeg,0,Reals,,,,,
17ac733eed3bf1e5abb10ea7aa1b5993fa4979d90f2a55ec2a9bdc1369b9e7be.jpeg,0,Reals,,,,,
36edca0fb03e1743ef7ff0b44cca85b1bd852e5a584f0e6c8e6d788110449dae.jpeg,0,Reals,,,,,
35bdc7578de33e60547e7c87cb903275aed53c3119ae9bf034f455f8c171b6ce.jpeg,0,Reals,0,0,0,0,0
415c0714987b4920f194b5f2053152b8bdaa8f4185583c984f32b950506be724.jpeg,0,Reals,,,,,
be43d363ea6ba1e080580d3a2a74c6a000041940d0f27dd9af71faca66afd4ec.jpeg,0,Reals,0,0,0,0,0
8140a79c896f0f26a85560b19fa920075a485b74a014f55271562521733261dc.jpeg,1,,,,,,
86823ca9ed373ffeabbefc28eca85766ad1675e17b22a54b1357d67cefa73378.jpeg,1,,,,,,
1c3eb9f1ee43097df710c3c2842fd1689b20102bf3404b000b5d3f28f782c33d.jpeg,0,Reals,,,,,
f2c3ed4107b01b092c24665ec4bd0f585e700df000f8502a2118edfaf5385788.jpeg,1,,,,,,
d770d5be90e0751d5c328b7bd8602220d9d073954ba4b5fb29cedf0ca2f437f8.jpeg,0,Reals,,,,,
5c893cb8f10dc0015f7eccf5ca0fec2b02e5263c4fff625fa636f9de3d0bd775.jpeg,1,,,,,,
afa29754521b85a7b8d97210071a1b8a4cf5fafaab6d3cf793a87a81ec55cbfb.jpeg,1,,,,,,
538d71e517a7377d54d4d75f7b1c870ba091f467c8ca602afb42b4a77bc4866f.jpeg,1,,,,,,
6ba01a6bc34576afbf8d856ad55f14d8e179f954e9261933f7b0cd18a345ae0f.jpeg,0,Reals,0,0,0,0,0
9fa85030f9277d1d9a78315119f1681f7458f317f664dd5938e79b273ccf4196.jpeg,1,,,,,,
fec5c8b26a3ddb52c31038e16d3234e390cead2e32f055ba2f1dfddeb006d852.jpeg,0,Reals,0,0,0,0,0
ebecd99d83795b2053728fef55e17c896376cf242474f246aea909fde054717c.jpeg,0,Reals,0,,,,
08a6683aa665b44ca3855432c4f047a40dd029d308091207487deb018f13c872.jpeg,1,,,,,,
0565c578f8a0c2edba8964b2620775e17e3bfa15b06096a3595d1cd9aaf6687e.jpeg,1,,,,,,
d05cf36d4c392a2f334fb5bd02552459f4e540c3b28f784e272bbd83add5c7fc.jpeg,0,Reals,,,,,
a062b83843cb1870eb1d66f5591b92cf75f0a1c6523c75ea910cc2fd767ca1b6.jpeg,1,,,,,,
d5cb99d9c26f2dfa305492edac1b829e0617ee910fc1914c829600624f3dc207.jpeg,0,Reals,0,0,0,0,0
4fa5905a0ca903730ed82db21f56a81acec7efe5a0a5eb54a18235ab42f97cd6.jpeg,0,Reals,0,0,0,0,0
b31a7713cbbb921686f0f1cb14e3f0d011c90b361d2899642eeca804e7b9e7ff.jpeg,0,Reals,0,0,0,0,0
669147e06aad879af66180d5f7b9033df8d075dfd48e724c17274ce31a1af367.jpeg,1,,,,,,
ee52f15e29f1aa14442f0fe15ab9624d9bb20d2b364885f99960d6110fb91e45.jpeg,1,,,,,,
ca181ed3d01e6cfc533bb00e450cf4b4435199c11d95fcf8fccf944c33584d3a.jpeg,0,Reals,,,,,
a729332bf233a33df93c523f2342bffa01762cac05e92c2f2a950cc7bb0c2665.jpeg,1,,,,,,
c9a33d955161f8ed51a0b6e2deb5e5187f20683b79e085727e112e083e354a48.jpeg,0,Reals,0,0,0,0,0
c3fcb92ef0cc93945549e512e71aecda965f4c51a3896722511fd539961afced.jpeg,1,,,,,,
b04be70a8441347225491515ec0f5e0eeeb1c05c23a7997c9df751cb400ef92a.jpeg,1,,,,,,
6e9b8f2cfd9afa5560123bfcb6699e2c4182ff84ab4131dbd18079035d40e4b0.jpeg,0,Reals,0,0,0,0,0
97cb4675b218ffb0f3902bf9af1c4660a6ec7268f5c08641a605e6d073e0c246.jpeg,0,Reals,0,0,0,0,0
e17ae3dc3228f343f5e445e0c2b80b28f39669a71155c9b031f53e4c96bfc4be.jpeg,1,,,,,,
e2ded59d99ef59549385bb813cc9c8f810cd6623d61490b111e52714829f41d1.jpeg,1,,,,,,
d896b90014c600359941e4817cd49a9e7c8fd8af76049ff594f9da4b65d419c51.jpeg,1,,,,,,
9ed54e42be4f27a9074870d6573e34c933834379232279e4f4b787e3a3440ed3.jpeg,1,,,,,,
a7bc73d453fa0e17f7b72192cb57f8b88d640c1c2ae910696705ee91bd72b0e6.jpeg,1,,,,,,
85075c505d4aff240367ae59417e0ca4cc3b37ed278c104442ef77c9d29e6bbf.jpeg,1,,,,,,
2aee09d253a4606d2b5b4a630fbd6b834074ae2a91a3dd28e361eb8dadafad24.jpeg,1,Firefly,0,0,1,0,0
c7b89c90a0a084328ec9af1be5b2510bd2c07f2adaeebf10c98b434e30b78714.jpeg,1,,,,,,
38cfc344d737b86669de78718dada9868238c79a5233e4c4d188d0804ce8186c.jpeg,1,,,,,,
6524e92d34c9d8099db351b079940a9c40ad253b74b90775ec61e02cd58ec218.jpeg,1,,,,,,
8a31cc6fa79706af9939ee83a81e18ee6ce4b0e51fe741555289c0b7e7a82e80.jpeg,1,,,,,,
fdced9599f3452053b4204a0aba2a8adf65bcbb1d529339c1f585423d3c2bf1d.jpeg,1,,,,,,
069ae4877bfa84acca82d673caa20325c9196186f7a0a703556dc6a87b0a5f87.jpeg,1,,,,,,
c7f2477fde457608b8469d378d75b4a291d17236c641da049ed0fbb0aff432e2.jpeg,1,,,,,,
c9c313074270228457a935bd596e0228121063705080862e85a0200f374baa3f.jpeg,1,,,,,,
57ab1ffdb2a00e07e39c553a97f4f93ee5057f285e274f8cd86b526650ae366d.jpeg,1,,,,,,
8fee7bc446893e236ec73078f57ec5555419db050980f2be41a6a464d1a7bdff.jpeg,0,Reals,,,,,
69d2ed0506ee71fcc965a38305037a016649f482cbbf2b34de430907bb086a37.jpeg,1,,,,,,
29796752f130eeb0e193cb8ce5354ce63a4a1fe48ffe733c86a34a92fb3c6aa4.jpeg,1,,,,,,
42e640ba604eb4fccb1dc47ba1c3e2a3d6f94c9466220d447c0356cd3c679524.jpeg,1,,,,,,
de82a486d361d29d463892ba3776cdb684f09e7c255f5629a2479cbf7b0d997f.jpeg,1,,,,,,
cac94990d1ad8049aef5825b34713db0e132240c730d009eb162684c26233f00.jpeg,1,,,,,,
33805f78e2f5b18cc008e103e5cdc22440d20c574dc93dea8753f4cfa650e5cc.jpeg,1,,,,,,
db45092aa298731d40a59b6568849d42d0bab02eede944ce3a604538922f8b54.jpeg,1,,,,,,
f60f65ee605c8514c9c4e58fa6474b01636e05242e3c8d7d67922a2d8aeca631.jpeg,1,,,,,,
2ed5f853e9c2b6a92bca20cfcf5a9fe85d353d5ece606d57dba8a024dd1887db.jpeg,1,,,,,,
84684f8b5b69b37454fa57e4baf332b0ca50554b1fd75887abc80dd7ec345e41.jpeg,1,,,,,,
7756128f8e8f7859510988cf77cd3b14643c67ac2513b12b50865fcdebb1157d.jpeg,1,,,,,,
8e44717dcb17fef31d6c05bba70a8a3367ee6005350fe02aeb733e5ec32173f1.jpeg,1,,,,,,
e04a01e295ee3a0a3bdb4060c5701807d256bb36a6aeb920c572572cb5a1fd15.jpeg,1,,,,,,
59de5a40846ba0dca00d56c21c43afd17c4592b3ba6cbffbc73a985b061fb4a4.jpeg,1,,,,,,
c6ea2eb99a8c98adf266dc816b2105a9e7098e6226e4294b5f1ed4f9c669aa5a.jpeg,1,,,,,,
390e2e325f3ef5decd64571ee839e1fb96bef66ebb24bf2610b0fadb63a2425b.jpeg,1,,,,,,
2ec700a9b895064db2a4c0d7e65f118cf6595b1de235b64b79474112f614bfb0.jpeg,1,,,,,,
265900951c991e4557afdb60c88183c2907eb73845b22cebb430ddf941ae03ea.jpeg,1,,,,,,
2ddf7a07da956c375d9d512cf876bd871f5a3150db7b68b7ef25c1c91a694238.jpeg,1,,,,,,
63e29e3ec65f779ac6c339870067ed1b32bea1043c18a545da10529023251d66.jpeg,1,,,,,,
a353c0459a9fe4e2679b3bdef848740558119cdbffb3aa8b9d14403c597a0512.jpeg,1,,,,,,
3b7bfa3c9693227b14ff1e9e9070ad12d74dd8f47734781ebc8b9bb044420204.jpeg,1,,,,,,
3699ff8a6348e3a315344b110eadc77fc1857c5aa46f2d56c3e253f0c22bf42f.jpeg,1,,,,,,
a3f0532c73915c0d69ce3b3ec7e0c7bf8e3481e6182e4dcd8c47234d14f5a6bb.jpeg,1,,,,,,
7777aa34dbd9970edd242672d4da58b009ada4d66b03d0e4138c1a39420d0fd2.jpeg,1,,,,,,
fd8974c9b5456d22a71f6491e855523fd6dbcf086bf0732a78cf827585f760cc.jpeg,1,,,,,,
95ef675f5c95100b56e74d60b32ef7ad88aacca0dd0faa681cc0b0b81c10c116.jpeg,1,,,,,,
39bc7fe7676fc9cba1d356c244a3d2bcf0facbe039cb2c6ac732d783145524a5.jpeg,1,,,,,,
656bbc659a737feec437f2ede316d7f35265ff7cee49501c4021910b54c08a53.jpeg,1,,,,,,
42c013b381a9ea0e945b6654051308c141dfe3d87fd830bc7f008c9bc497b93b.jpeg,1,,,,,,
a427f42a1f1b7e3ae04875bd6330cf666867453175330f599923ae8dcaeb2122.jpeg,1,,,,,,
467a2eff64ea2dd9f0f20ff775db73b88ff6dc6a956068a2082e2155639d2034.jpeg,1,,,,,,
94fc853f1efcf617636ac435023ddd84b017b8172be3bad3ff68aff416c2193d.jpeg,1,,,,,,
65def22b3feb486f0b0d3fe89779fc5d74ca9747d0a58c192f13a38213dcf908.jpeg,1,,,,,,
f4b58700710b3438276f6f52df63310d.jpeg,1,MidJourney,1,1,0,0,0
dda51b002689c703fc6ca089cb734a78.jpeg,0,Reals,0,0,0,0,0
4385a289fa7f32a4400492be839ddf44.jpeg,0,Reals,0,0,0,0,0
98c7cae68c2278e3d15448610b0cab61.jpeg,1,,,,,,
fc298e58547c0f356f13bc2af37fba7b.jpeg,1,Firefly,0,0,1,1,0
559be51a1afcd7d710aa0ad5f8bda85e.jpeg,1,,,,,,
4a57954618f41b5d9e584d36f8aee067.jpeg,1,MidJourney,1,0,0,0,0
172b84dce15d5f1a744075c3a332d6ba.jpeg,0,,,,,,
a094316f760b037374b31f6d3ee5eaa8.jpeg,1,Firefly,1,0,1,0,0
d79978c246bc410a9e077134a31ef342.jpeg,0,,,,,,
b877b292f305aa593ee7a14ecffff708.jpeg,0,Reals,0,0,0,0,0
81d05778695a79c1bd6e56e801c12c8d.jpeg,0,Reals,0,0,0,0,0
6eb2e789526629ed382be35a4192fc25.jpeg,0,Reals,0,0,0,0,0
a57be9ab652e49d478eea6c096bb2a47.jpeg,0,Reals,0,0,0,0,0
79aba6a1d4109e8ee1e502c4c49237cb.jpeg,0,,,,,,
83b42ccb6d2e95b7541318e89476dbb3.jpeg,1,MidJourney,0,0,1,0,0
db82184d1c0520d540ed35114c45778b.jpeg,0,Reals,0,0,0,0,0
606c0bbb28994df7465987ff0759bff0.jpeg,0,Reals,,,,,
06086a7210d32ee6f6d7afdf64e95c67.jpeg,0,Reals,0,0,0,0,0
d6cf6f6e189a0e2a890f90e0cba185c2.jpeg,0,Reals,0,0,0,0,0
4ca91e737979369e37478c4f4ec6e84e.jpeg,1,MidJourney,0,1,1,0,0
7629e85fbf9bac377297c1cc1519c837.jpeg,0,Reals,,,,,
22ba4974b508590e5daadeabe775a344.jpeg,0,,,,,,
6a88e9b3eed8e37c6880a7723fb36d7b.jpeg,1,Firefly,1,0,0,0,0
07033864d4889d76cabaf716194d08b1.jpeg,0,,,,,,
3864982a4411666747b2456fe4ea4258.jpeg,1,MidJourney,1,0,0,0,0
010dc0505efc2b1b99fe98f92ab4a8a5.jpeg,1,Firefly,1,1,1,0,0
af5ec5fdc7b0a60e6ecffd87e59191e9.jpeg,1,,,,,,
a71887a05ea75efd96c4acc93a4262e5.jpeg,0,Reals,,,,,
282422ac298c060155c2cc4312119bd0.jpeg,0,Reals,,,,,
d8c5d846f1e7f91be036742191bdb08b.jpeg,1,MidJourney,0,1,1,0,0
a5cc2056c2f0e762e21f7704ff3ddc8c.jpeg,1,,,,,,
432d63b48d3dae227edd6beded1d973f.jpeg,0,,,,,,
2df3e5ecf2315ee61ffe3c566e125c8a.jpeg,1,,,,,,
c6f0b1e6169ec5e07ab70e299352d71b.jpeg,0,,,,,,
b061f22ccceca9099aa88b064b5d4b79.jpeg,0,Reals,,,,,
5ba040f1b7aa293dc915e40f0e39b3f8.jpeg,0,Reals,,,,,
3b2df9efaf0e42c3763dfbf3b387e8ac.jpeg,0,Reals,0,0,0,0,0
ce8af8f993f2ac560f968fe64c1a887b.jpeg,0,Reals,0,0,0,0,0
8b559e81a9f8761a8a03d40ab5ad1d16.jpeg,0,Reals,,,,,
33ff82d8907cc9b568bfd1a758d6fb11.jpeg,0,Reals,,,,,
cf33ccfee6f7eb1725eaa67ab3de4476.jpeg,0,Reals,0,0,0,0,0
e6af0acfb7fca82fe46e9132c88d953f.jpeg,0,Reals,0,0,0,0,0
7ab599405cf71cba21eecd46b7305058.jpeg,0,Reals,,,,,
cc7f6c9e18df6cb97c833c56881a45db.jpeg,0,Reals,0,0,0,0,0
6f94f65c954eaa1a7d722dff848810ac.jpeg,0,,,,,,
e30a043579c9569728d989c300b6c5b7.jpeg,1,Firefly,1,0,0,0,0
acdf9521045e2f3667ae2d7b2194595d.jpeg,0,Reals,0,0,0,0,0
f3a3cf038ddac3394c133658d1029645.jpeg,0,Reals,,,,,
4b748095c5970c39a5dfe86747419b84.jpeg,0,Reals,,,,,
f7d064ffc492080174abce63c8a3d66c.jpeg,1,Firefly,0,0,1,1,0
19c88e43e58f7e3b52041ac204ee5717.jpeg,0,,,,,,
6e4c9fd89173dfbab57fa7cd7ff670a0.jpeg,0,,,,,,
319d664c2f55fa714cab0d687cab933c.jpeg,0,Reals,,,,,
35ed44c64fa9ebe57b0f51a055d1b56a.jpeg,0,Reals,,,,,
f3304e357a5c007acbf4cb8628a610b7.jpeg,0,,,,,,
8eb76506dec114332d425ffcefb3d8d4.jpeg,0,Reals,0,0,0,0,0
8bd1d87f005f10211ba9b5f0ba1487b3.jpeg,1,,,,,,
d07a9e73914dad147383eb40cb21a296.jpeg,0,Reals,,,,,
35df25c3d2f57c32c2be722b51b16cd2.jpeg,0,Reals,,,,,
9abbb21f98f0aa977beaf958243cc342.jpeg,0,Reals,0,0,0,0,0
fac16b34828e2e64b16d6b1a24021b27.jpeg,1,MidJourney,0,1,1,0,0
af44e53b69e2d6c097d2747f373a7070.jpeg,0,,,,,,
88dd52fd76ba2dee723ae42bc51d3e29.jpeg,1,MidJourney,1,0,0,0,0
288b6c8f4fecb2f8f6c0a1f42b39f411.jpeg,1,MidJourney,0,0,1,0,0
cace4c350b89a79b71e4c847df22e523.jpeg,0,Reals,,,,,
09570abb8c2e0f63345905a66a9b8e2c.jpeg,0,,,,,,
d97d6100d7dbcfe166090ac6debbe4b9.jpeg,1,MidJourney,1,1,0,0,0
c7f51a6d22485a6799c6f014d59d55bb.jpeg,1,Firefly,1,0,0,0,0
65569ec7d0ed8e1b5aa870a6f6564b26.jpeg,0,Reals,0,0,0,0,0
c7bc6cb0f96528497301a323c7ffd382.jpeg,1,,,,,,
a62ffe572718970e2c5ee91f8c216e9e.jpeg,1,MidJourney,0,1,0,0,0
f8aba4095c68677be3be7c0da3cc1afe.jpeg,0,Reals,0,0,0,0,0
191af80c473c7d21b78525c9a850414e.jpeg,1,MidJourney,0,1,0,0,0
18eb2ad00b472ce6b2f08e304d16402f.jpeg,0,Reals,0,0,0,0,0
c38189c54230e478e366311946620a3a.jpeg,0,,,,,,
0b96dd5fd38f6c18236dcec8df90c549.jpeg,0,Reals,,,,,
aff1430e9da23e27168ea3711138f4e9.jpeg,1,MidJourney,0,1,0,1,0
5f08dee99aede978f2acaefff69e9265.jpeg,1,,,,,,
81e25ad81df43dca638321542c3920ec.jpeg,1,MidJourney,1,0,0,0,0
545b9363e6264074e8cfdd84ccc2a557.jpeg,1,,,,,,
7e5172ad4e622ec6bdffee40c761e54a.jpeg,0,Reals,0,0,0,0,0
8bb9230e51fcf2c259f3565cc1b2dc56.jpeg,1,MidJourney,1,0,1,0,0
aab805297352e8de1c6181db35e43947.jpeg,1,MidJourney,0,1,1,0,0
5c7ece5c8c2a157ff5acd384f64a567d.jpeg,1,MidJourney,0,1,0,0,0
5a8d1c456c9320229f8cf58a36d12262.jpeg,0,Reals,0,0,0,0,0
0a42722f321c31d600786256cb18c639.jpeg,0,Reals,,,,,
9d4503d98203a5da9a7c40029ca96632.jpeg,1,MidJourney,0,0,1,0,0
f84a79e62e6e309deacda28d64ded163.jpeg,1,Firefly,0,1,0,0,0
b94fae23a36bb1137ccf5776456a753c.jpeg,0,,,,,,
571609a8e9b687c69e812b5ba5f8aa65.jpeg,1,MidJourney,1,0,0,0,0
e476d9b7acee696a5b4d6216e3e0c1a0.jpeg,1,MidJourney,0,0,1,0,0
bdb193b95d0242f317782eff6c36cc6d.jpeg,0,Reals,,,,,
b4f77b64ace4bd0e275f9189bb4dda9f.jpeg,0,,,,,,
99a72d3596db0ee8d669892488ecb105.jpeg,0,Reals,0,0,0,0,0
10ff906c25d12371be60cf5f24801fb1.jpeg,0,Reals,0,0,0,0,0
6901ac56cd63fbf9b524a93b6921a7ba.jpeg,0,,,,,,
c8f7108d1d08ab0aa6bb86a353cc80d9.jpeg,0,Reals,0,0,0,0,0
da2ad53a403b312d616bbca669e2346a.jpeg,0,Reals,,,,,
9d5a25b18e8d334b4821a5dfb60426ff.jpeg,0,Reals,,,,,
8588d47396a87617e9fc909cc26b8c11.jpeg,0,Reals,,,,,
a0ff8ac76a990516504cba6df064ad85.jpeg,1,Stable Diffusion,0,1,1,0,0
ccbcb5187879ea5f9ef2871e59b94651.jpeg,1,Stable Diffusion,0,1,0,0,0
3387c0ee2b2ba4d640de3f5ca0558a85.jpeg,1,,,,,,
bbbfb2a12cd66783ce7e4015ec0084b9.jpeg,1,Stable Diffusion,1,0,1,0,0
099c835adb6866941226f258e616dccf.jpeg,1,Stable Diffusion,1,0,1,0,0
b9492f1cccf1376c63d811bf81c4e90b.jpeg,1,Stable Diffusion,0,1,1,0,0
a0a2ed2f2568721767ccd27d939c65b2.jpeg,1,Stable Diffusion,1,1,0,0,0
3b2aef4728425ddd88f17a3f7a7491a0.jpeg,1,,,,,,
958f7abb3e4361b4e99e15fdbf335523.jpeg,1,Stable Diffusion,1,0,0,0,0
f83eb225bdeaba34d5fa83d0a756d13b.jpeg,1,Stable Diffusion,1,0,1,0,0
5ab4f5c28249291fc31f5af73f491da8.jpeg,1,,,,,,
d22e49191b26998c49b0550b7fdd9cb0.jpeg,1,Stable Diffusion,1,0,1,0,0
d3d6d5617d5a71900d9c31fa7bdb6a27.jpeg,1,,,,,,
2ebd5194c37a818d1805082c34065c30.jpeg,1,,,,,,
0bce6c35c24ec5ce8ae8ad5bb4f67d59.jpeg,1,Stable Diffusion,1,0,0,0,0
7b59b242d71a79172f9a25939856a91a.jpeg,1,,,,,,
637d149bc1ccd8dedacdf37530cf408e.jpeg,1,Stable Diffusion,1,0,0,0,0
7da939dde9b46a4ba20960602e91d81b.jpeg,1,,,,,,
b21e7d09772c65aedc1d5faee36b7afc.jpeg,1,,,,,,
31c5e881a1032195128a8611d1555e1f.jpeg,1,,,,,,
b76fa0334e823549d4656f4e120876f9.jpeg,1,Stable Diffusion,1,0,0,0,0
4f3f845047351e1e499f6fe14f5ee746.jpeg,1,Stable Diffusion,0,1,1,0,0
9a690d408cee47be9fe65c897f61a477.jpeg,1,Stable Diffusion,0,0,1,0,0
85cd6ff6ea208927a16afecc27828bab.jpeg,1,,,,,,
941850cfae44af8084c8a4a31941d325.jpeg,1,,,,,,
79a1ca62935d718f968a39434c23e401.jpeg,1,,,,,,
9f4246d152a902104cc592e14d5893a3.jpeg,1,,,,,,
6698d2ae63026fe3d46bc9119a272fae.jpeg,1,,,,,,
2e4029bce0d33d4da1429b89ab4c51e6.jpeg,1,Stable Diffusion,0,1,0,0,0
44b4fcea4f2b026b93a0547f8f95c95c.jpeg,1,Stable Diffusion,1,1,0,0,0
352084b076dca6d2450d5fcfc2868ccb.jpeg,1,,,,,,
b686f4c1b199f3a51cc1286652f7d039.jpeg,1,Stable Diffusion,1,1,0,0,0
63f91bafdaa4cc5a093371f96f8c0fa9.jpeg,1,Stable Diffusion,1,1,0,0,0
18d3669b558f0f9a1ddbae3dea06c824.jpeg,1,Stable Diffusion,1,0,1,0,0
576adc7fe4eab76025c86b24cf7e6a63.jpeg,1,Stable Diffusion,`jh/,1,1,0,0
b5405bb0a659997854fc8112514454f7.jpeg,1,,,,,,
817e63b94cb4c148d884b88de9afc2a2.jpeg,1,Stable Diffusion,1,0,1,0,0
8bbd41c67acccb0994273fe36099c139.jpeg,1,,,,,,
12139e4b410efce34d74087e4db0f2ec.jpeg,1,Stable Diffusion,0,0,1,0,0
6a953c336efcdc7556920eaef0cc5c74.jpeg,1,Stable Diffusion,0,0,1,0,0
2c4c0b171577884f5c0991cacb5c5ebc.jpeg,1,Stable Diffusion,1,0,1,0,0
76af9c56f4a8bd175ec95009c85cc055.jpeg,1,Stable Diffusion,0,0,1,0,0
55286af23fdde91879b26e3ff8f1bc00.jpeg,1,,,,,,
6a98dad4de5ce462fd6c8239be0ddfbc.jpeg,1,Stable Diffusion,0,0,1,0,0
34c4a93a8353fd78ed541e2923f9a264.jpeg,1,,,,,,
59ebee527878ba3b8a978cb69b0d51f4.jpeg,1,,,,,,
22f3c69b148beda9f7876b4b1a998b17.jpeg,1,Stable Diffusion,0,0,1,0,0
04e61d9506ffe1d8ac6c48e8b091cc48.jpeg,1,,,,,,
e54aa5adfbc7238a29dac50db6880456.jpeg,1,,,,,,
f441298f65297f47eddef202ad5e23eb.jpeg,1,Stable Diffusion,0,1,0,0,0
5ec79f29b66c98464ed32e36e22dba3c.jpeg,1,,,,,,
a739ff315e67798d93ee790140f05510.jpeg,1,Stable Diffusion,1,1,1,0,0
3e94824adb98fe8542cc36626b64dd15.jpeg,1,,,,,,
d92f9022c3a731f878d44caac942a8b0.jpeg,1,Stable Diffusion,0,1,0,0,0
74e619a4751d3be6163b28d252f3df07.jpeg,1,Stable Diffusion,0,0,0,1,0
f3158a5cba8b67474f37ea63d3666a32.jpeg,1,Stable Diffusion,0,1,1,0,0
8ba3f1043bc0c5b6cbf4740b5244130a.jpeg,1,Stable Diffusion,,,,,
239ffbdf2cba2b3ab0456bf00c67867d.jpeg,1,,,,,,
d84376618e1a22dabd8f4970cf85bd23.jpeg,1,,,,,,
04b67bdea173a9ed3a44622cf7303a5e.jpeg,1,,,,,,
9d59f67216224c4a36e2a081c42e0065.jpeg,1,Stable Diffusion,1,1,0,0,0
bae1000662949f217bf0b5a1b1796898.jpeg,1,,,,,,
b5c55ed5456a060ceb8ae2b89659506d.jpeg,1,Stable Diffusion,1,0,1,0,0
2c4ffb96edb6b03ca6f9f2bafa087d7c.jpeg,1,Stable Diffusion,0,1,0,0,0
f3c3e188755619329b9287cffdaa6313.jpeg,1,Stable Diffusion,0,0,1,0,0
fd23b173438960904e6b21da46e8e0af.jpeg,1,Stable Diffusion,0,0,1,0,0
13830cc00959d97a3e49f39fee56005d.jpeg,1,Stable Diffusion,1,0,0,0,0
8059c316907c586bdf33ad3cb9ca3f95.jpeg,1,Stable Diffusion,0,1,1,0,0
56eb13f536b858a48ea41076c246a1f2.jpeg,0,Reals,0,0,0,0,0
560debdc8734922e697ca904702fb5a7.jpeg,1,,,,,,
8593e39dec823a15253f6e4b6ef063da.jpeg,1,,,,,,
13422d2b1dc26569df7a122ca369fd2f.jpeg,0,Reals,,,,,
96742a613f368c8e0de2c73a1960100c.jpeg,1,,,,,,
2117f7a92289023577edca6117d375c3.jpeg,1,,,,,,
9d6595675160ac8003c9629f7b751d01.jpeg,1,,,,,,
038ce4cac88a6606016bf2276fab8ba5.jpeg,1,MidJourney,1,1,0,0,0
f48d34d25cadb641103890b2b788b389.jpeg,1,Firefly,1,0,1,1,0
81714dfaf50f5fb90d1e37f63a3cacba.jpeg,1,MidJourney,0,0,1,0,0
39db35c3e42f8b591188cffad2160010.jpeg,1,MidJourney,1,0,0,1,0
3b34a179aedf3d7ad3b85eb18d0fca31.jpeg,1,,,,,,
b1dab7af7961b40ffcddd8ca0ceac1c7.jpeg,1,,,,,,
ab57a496e8a7c6370fc65a70a4ada98c.jpeg,1,MidJourney,0,1,0,0,0
a6d1365c837d5ddb1e24b5f58747cb38.jpeg,1,MidJourney,1,1,0,0,0
a599af9f72aab7e0db0825207d6e11bc.jpeg,1,MidJourney,,,,,
62ddb30f859923e2231a777f55de69c7.jpeg,1,,,,,,
3fa232ceac1b8827f71f6d6c4c617dd7.jpeg,1,,,,,,
99c5f61aa990fcbcaff73a63fdaef4cd.jpeg,0,,,,,,
9a05ae7384bc7936aba58b60924a01a8.jpeg,1,,,,,,
4d87f0d740e0ea937ca5bfa46a2d5edf.jpeg,1,,,,,,
663afb9acf31010364f50fd7a6bacb3d.jpeg,1,,,,,,
7d605a61a8b4b01814cdf0704a04dc01.jpeg,1,,,,,,
110ea2699c6e9a88ee148b1fb8dba1e5.jpeg,1,,,,,,
a64f0652261715730b59a150ef80d8ab.jpeg,1,Firefly,1,0,1,0,0
47dc6aa45ab11c8ffb33d8995ae44bab.jpeg,1,,,,,,
90f3a9a52be4e15119aef5e4e06ecdfe.jpeg,1,Firefly,,,,,
39b2a36b3abb05738320fc391886894d.jpeg,0,Reals,0,0,0,0,0
86ae36214222e367f9bc162308095ada.jpeg,1,MidJourney,,,,,
bd95e047027f57e7f5768350abe277c3.jpeg,1,MidJourney,0,1,0,0,0
badf828815a30cdca10e90cb127d61d2.jpeg,1,,,,,,
80a2316aee5d8423101908c58fcb3176.jpeg,1,,,,,,
a538dfe32690981c171398bb12526bf6.jpeg,1,,,,,,
a632095597b188e4553952876a764c76.jpeg,1,MidJourney,0,1,0,0,0
1d4fb37cb0bdf28c1b74cb36608d25af.jpeg,1,,,,,,
e21e83bdff93fe57408622c2e02ab189.jpeg,1,MidJourney,1,0,1,0,0
9d60256be51c37cd3f48a3415322970c.jpeg,1,,,,,,
5bd35cd9932265235fd90b3daf32c65d.jpeg,1,MidJourney,0,1,1,0,0
e38e4e4096c1dcafdca46f982db17381.jpeg,1,,,,,,
149af80e3cf3af0e46ab47863eb7b03e.jpeg,1,,,,,,
b289c80bdf2d5092fffe0e53d927af2c.jpeg,1,MidJourney,1,0,1,1,0
b97026f1a3ea02b3b7164d347b45d6fd.jpeg,1,MidJourney,1,0,1,0,0
e566b28a9429f693defb306c191d05a6.jpeg,1,MidJourney,0,1,1,0,0
538c241b43be54339440d4eee531de22.jpeg,1,Firefly,1,0,1,0,0
24113c6df9f651ace6db7b318fc904b9.jpeg,1,MidJourney,0,1,1,0,0
5b7fd38b314d7c90ed5660839c25f2b2.jpeg,1,MidJourney,0,1,1,1,0
92bedadc71469d8d10ed748a757a5f52.jpeg,0,Reals,0,0,0,0,0
b900958e820a3c1c4d81fc7c61b3baa8.jpeg,1,MidJourney,1,0,0,0,0
3f0864fef8907876927605bc85094cbf.jpeg,1,MidJourney,0,0,1,0,0
01784cead4e12b7e291048895cbda638.jpeg,1,,,,,,
ff16adf4438b8a43bd8cb2b13fd78d14.jpeg,1,MidJourney,0,0,0,0,1
c16b470eb027c3d14f43f3c2887d7913.jpeg,1,,,,,,
afc7907a39ce97c82a748601c6f926d9.jpeg,1,MidJourney,0,0,1,0,0
3c4eb5a796aa88482258435aff4d555f.jpeg,1,MidJourney,1,0,0,0,0
e119ac39a4fb303ff6d46d545ab7522b.jpeg,1,,,,,,
7992aea9b47f4e54d1aa4e1381cbbbcc.jpeg,1,MidJourney,0,0,1,0,0
84afad8071fc00f7c4c00246bc3589c1.jpeg,1,MidJourney,0,1,1,0,0
7d95deb6a1fc9795a849e2eab10f49b6.jpeg,0,Reals,0,0,0,0,0
cc83e83e214bb1aebe8aab886c8362f6.jpeg,1,,,,,,
a36bbff226d2ce3c8ce1b84e0809a7b8.jpeg,1,MidJourney,0,0,1,0,0
cec0c6c2bc54b29308b26564a4307373.jpeg,1,,,,,,
616ba73f50088eb13244a807076248f7.jpeg,1,MidJourney,0,1,1,0,0
b386b79581b6c5f7cbe6f024dec011ce.jpeg,1,MidJourney,1,1,1,0,0
0c9ae7097995139c64b686c6ddec09ba.jpeg,1,Firefly,0,0,1,0,0
8c211503feb58c852a3f6b776c2ca589.jpeg,1,MidJourney,0,1,0,0,0
7f23d59c262d3cfb3eaf43b2ef7d9d6f.jpeg,1,MidJourney,0,0,0,0,0
d28e66a95c1bf6ff7c37761eb7b51307.jpeg,1,MidJourney,0,1,1,0,0
5cfde276129425ec963a3eec23f80adc.jpeg,1,MidJourney,1,0,0,0,0
34b8ed7c430711d20f015a1d5145b30a.jpeg,1,,,,,,
659c05d1553c8f2724784ab0584ad6a5.jpeg,1,,,,,,
64294f3a2adb2e48ac82d6f65ea9d52c.jpeg,1,MidJourney,0,0,1,0,1
caabe61d5e181b8da352b0e7b73dfeb4.jpeg,0,,,,,,
f36efcd652b45162ed7c1dc6589015cd.jpeg,1,MidJourney,1,0,1,0,1
c65519e9d8ee3d4157ae12448e2564ba.jpeg,1,Firefly,0,0,1,0,0
290f2e6887940c5d08a26396c0813d70.jpeg,1,Firefly,1,0,1,0,0
27a9423b78df6a16f0f3b635609a2fea.jpeg,1,,,,,,
90dd26aaa17f46e4338e50ea9e3181e2.jpeg,1,,,,,,
baba1348492d5b0ca7598ec9031134fc.jpeg,1,MidJourney,1,0,0,0,0
c9291b953554fdf7640f1980ae25ce5d.jpeg,1,MidJourney,0,1,1,1,0
f3be57ffd9f88564363b9b409401aaa0.jpeg,1,,,,,,
3668b3edb4669411077af5515ea0947a.jpeg,1,,,,,,
568d15fb8e8b3953a89d070ce6c2efbc.jpeg,1,Firefly,0,1,1,0,0
e6da4c7f023d9b30d9c32927f3f38b03.jpeg,1,MidJourney,0,1,0,1,0
bb940e5b5eb4667fa106086a3ddd34ce.jpeg,0,,,,,,
505148b996ff4be5c9690a54ccd2e41a.jpeg,1,Firefly,1,0,1,0,0
64260044f5e0429e12c183191b48ad97.jpeg,1,Firefly,1,0,1,0,0
78b73ae0cbd081e9a2bfca164c197e5b.jpeg,1,MidJourney,1,0,0,0,0
79a2a4940acb1def4065e5c15ec37c35.jpeg,1,Firefly,1,0,1,0,0
76f51fb5e2b93fe2b39e43743815a52b.jpeg,0,Reals,0,0,0,0,0
71b124e35753a5993a5f921320e761d7.jpeg,1,MidJourney,1,0,0,0,0
6624e99be64bfe92344af5be195d274e.jpeg,1,MidJourney,0,1,1,0,0
614321358b031a53cca7397835027659.jpeg,1,Firefly,1,0,1,0,0
9ab434f8566333c7df99ac50fc22cff5.jpeg,1,,,,,,
6ced4dbab85b6440a341ea4e190724e9.jpeg,0,Reals,0,0,0,0,0
f6bfa0e20b09d91c60efe38cba7266fb.jpeg,1,MidJourney,1,0,0,0,0
b1293f4aff93c5b2a072347cb6b6d00b.jpeg,1,,,,,,
25b968690b2509ba0567207643d789dc.jpeg,1,,,,,,
d25a82d5249d946fa92da108b8c815c1.jpeg,1,MidJourney,1,0,1,0,0
6f22a028a094e6668084ebeb7572e5fd.jpeg,1,MidJourney,0,1,1,1,0
fb1eff5acdf20dd6aa902af046c1837a.jpeg,0,Reals,0,0,0,0,0
c24423913e83bc665fd57a51c61d6f24.jpeg,1,,,,,,
26c64dfa698eec20bae35abe4951e4df.jpeg,1,MidJourney,0,1,0,0,0
0040a255b90441b04618f491fda5a7f4.jpeg,1,MidJourney,1,0,0,0,0
48e48a167dd9137ba60b17c37f81e23c.jpeg,1,,,,,,
2ad2e05330051435a8976d2f72819b57.jpeg,1,,,,,,
a5e38c6ab91f07d2a6779ca403531a57.jpeg,1,,,,,,
b3377f0c3d1817d94b9b51c1a7e72a5f.jpeg,1,,,,,,
8e660904931ed4d134e86f9c887c29e1.jpeg,1,MidJourney,0,0,1,0,0
0ae750b9ec4bd9ceaaab393a928b77ac.jpeg,0,Reals,,,,,
f6348a465375a7fe3355ac9126a36405.jpeg,1,MidJourney,1,0,0,0,0
0b5612ff0d9c8f99f74e8c9d508b27ee.jpeg,1,MidJourney,1,0,1,0,0
d5fba4cc305d6c884fc06c2d1bc20d27.jpeg,1,,,,,,
d8cb3485144684aefd096e80295b4732.jpeg,1,,,,,,
4d11877f36e483000d892138b630280a.jpeg,1,MidJourney,0,1,0,0,1
6e417fd4ac5c9abe2693f1672a22ee58.jpeg,1,Firefly,1,0,0,0,0
a02ac5057ffef39a9cb00b84200b02e6.jpeg,1,MidJourney,1,0,0,0,0
cc68a38cb906687517c731a7dbbb0e4b.jpeg,1,,,,,,
145046c48b116d84a1244f2d0ed64c31.jpeg,1,MidJourney,1,1,0,0,0
283e76a580aca76777b5a871c68218a1.jpeg,1,,,,,,
b580005d0e775d79eea0b051996e34e9.jpeg,1,Firefly,1,0,1,0,0
392abe34b5f4299c4e0aa43b9dc154d6.jpeg,1,MidJourney,1,0,1,0,0
0d003053cff1c844a1a733b02ea73606.jpeg,1,,,,,,
7dc41886230bc3b01569d633d6519a5b.jpeg,1,,,,,,
c21c80f72b4cb3582bc8d7a8f936027b.jpeg,0,Reals,0,0,0,0,0
da2870947d659cff1c79735bfb3df874.jpeg,1,,,,,,
5eee219d97585df86a4e8f0092db05d9.jpeg,1,,,,,,
eaef1ce47d4afebf42b1a93fcf502386.jpeg,1,MidJourney,0,0,1,0,0
ccd0fc996e8f251193d7b94417a2e109.jpeg,0,,,,,,
61830a51f7bbafc3d8f17c2e7cce8e10.jpeg,1,Firefly,1,0,0,0,0
09edc782a2e242c0840d3b8a3960420d.jpeg,1,MidJourney,0,1,1,0,0
40b93654100f9d68cca6c0ee6b587377.jpeg,1,,,,,,
a870d284849a9683ff962a2981227d5c.jpeg,1,Firefly,1,0,1,0,0
24718ab7f2f763e1032f532e301b3395.jpeg,1,,,,,,
20ee71a019b27ebfb74a2e9e7c3a991b.jpeg,1,MidJourney,0,1,0,0,0
425169fd7852908aea4f6b7c14b54e8b.jpeg,1,,,,,,
ce8018eaee486d555b8986baa08e3b4b.jpeg,1,,,,,,
de10677a0aaa35fb21cad0f2b5c6e9c5.jpeg,1,MidJourney,1,1,0,0,0
eef7043343ac290520f3f4c0eaced1c5.jpeg,1,Firefly,0,0,1,1,0
1e4cc5c247a3bdf572d4969c07992b34.jpeg,1,,,,,,
780ac53ca4d73d86d0e5d716e905ee36.jpeg,1,Firefly,0,1,0,0,0
81cd10107d69d704fb227e55d63dbb79.jpeg,1,,,,,,
ed4f16be7b7f0d3e8998a59bcd746e49.jpeg,1,,,,,,
cd81ec9efc5128065f4895eab356a642.jpeg,1,MidJourney,0,1,3,0,0
ecd44c4d6aaad6802a4eab942b46fb3c.jpeg,1,,,,,,
3ae4bd2508eb036a3df769348af8e8e8.jpeg,1,,,,,,
a59bc84e88c2f309152c935fc9d8ddc2.jpeg,1,MidJourney,1,0,0,0,0
34d82e456fe8b5992d7300b631e601dd.jpeg,1,MidJourney,0,0,1,0,0
1a7a5fe1c457806cb6d9fb17649b923a.jpeg,1,,,,,,
01ab6711bffe5bad770cf57ab76e5106.jpeg,1,MidJourney,1,1,0,0,0
9a5c3c6bd4aee7ff5fcaa3c8f7768d4f.jpeg,1,,,,,,
0e229737ed406be7024c616e26a2260e.jpeg,1,MidJourney,1,0,1,0,0
be6643b13e9c2c46b61f8bccf7eee734.jpeg,1,,,,,,
6e7e632843435882e3497ee66c1fb328.jpeg,1,MidJourney,1,0,1,0,0
81d9b444aec14655e05008008aa3a60f.jpeg,1,MidJourney,0,0,0,1,0
c38ae262bf3fb59552f01db14024da26.jpeg,1,,,,,,
04ed7ba99198264f5405056b941a4d3c.jpeg,1,,,,,,
472757fc5d4ff93a2f7a67082652e109.jpeg,1,,,,,,
c83cd234b51b17ff7759c87443a98f49.jpeg,1,,,,,,
1c7d7dcede55634f300b85a4ea16927e.jpeg,0,,,,,,
dd2ba6151e6aa296f37ff2c1720f029e.jpeg,1,,,,,,
fcf2fa27b61640701b4e042b4cb95123.jpeg,1,,,,,,
5c76f816606047bd963346c5820454d0.jpeg,1,,,,,,
8f41ee158d9a50d5f7968709caf84140.jpeg,1,,,,,,
03722f92c66272aeed57dc657330ec1d.jpeg,1,,,,,,
c1b4afc7c27d51cdbbb097237afc9031.jpeg,1,,,,,,
dff9b09abad3b7da1e697386be45b8eb.jpeg,1,,,,,,
0e65a4e5adc50344a43ffbd1f9ff84ea.jpeg,1,MidJourney,0,1,1,0,0
68cb3fe0fb95fb73e89e49ace18471dc.jpeg,1,MidJourney,0,1,0,1,0
6d8fba24ae67e57a85da5aa46b49dce4.jpeg,0,Reals,0,0,0,0,0
73b3970dcf491c7a1f841be74a35de97.jpeg,1,,,,,,
2e1ed3ce7622240d865a14eff47187b9.jpeg,1,,,,,,
4c27a50c2f1d7755efe281ea88758885.jpeg,1,,,,,,
361bfc7c9724aba424e5eea66871e2b3.jpeg,1,MidJourney,1,0,0,0,0
96221356363cc9f91f7a6f66317a6940.jpeg,1,,,,,,
ff033f2c6e1d7dc61cb5bc00dfffe267.jpeg,1,Firefly,0,0,1,1,0
3e93f53653bc023106146b631f574ac5.jpeg,1,,,,,,
9884cafb0f9e03aa1fe2554743d82e95.jpeg,1,,,,,,
76377ad07778fc3c355eeb5eb957b8fc.jpeg,1,MidJourney,1,1,1,0,0
85aeb58299906817c081172ad741334c.jpeg,1,,,,,,
aaeabaab37a705d665e190d153e990d2.jpeg,1,MidJourney,0,1,0,0,1
a45ad8a8cedc42e90b5cc89805f1b9d3.jpeg,1,Firefly,1,0,1,0,0
bde0a0b3d0a3f4745c47141c122d9eaa.jpeg,0,,,,,,
7784bab7913b1077246d67054e3ad4c0.jpeg,1,,,,,,
80339e93da90ccddc1cbb40b883ec9bc.jpeg,1,Firefly,1,1,0,0,0
7c839b44e36c3e6275b107bd08e75cae.jpeg,1,Firefly,1,0,1,0,0
bb83102edffcc26197e6ef0f58ca2eb7.jpeg,1,MidJourney,0,0,1,0,0
e7f4c868d82623b44975abb59f51eb06.jpeg,1,MidJourney,1,0,0,1,0
c0625ad9f02ba019499ffee4e932b3ee.jpeg,1,,,,,,
b56807fc7e7375696b338657594ec1d9.jpeg,1,MidJourney,1,0,0,0,1
eea5cd84f63901069ac4ce1f66c3b0dd.jpeg,0,,,,,,
eb38e89f02ac0fda250439f78e26eae6.jpeg,1,Stable Diffusion,0,1,0,0,0
4d23416a599751a846ef50398a9a40d3.jpeg,1,Stable Diffusion,1,0,1,0,1
50608411ebccc3348342d37fc62f2af0.jpeg,1,Stable Diffusion,0,1,0,0,1
352baa17bb633cb7ca333fdb628261a6.jpeg,1,,,,,,
261df305a778afb1fbc3419de451b597.jpeg,1,,,,,,
49503b8af804e46f2ada5a4be242c2f1.jpeg,1,Stable Diffusion,0,0,1,0,0
243fcf3b0dad0d4c7d6d277535a8d7c3.jpeg,1,Stable Diffusion,1,0,1,0,0
77faa1cbee27b073c890bdb2cdc1fa5a.jpeg,1,Stable Diffusion,1,0,1,0,0
7c5914a19b5f77cfb37d69d2b4f110a0.jpeg,1,Stable Diffusion,1,1,1,0,0
8ecbf1a2d212da56bd94d4e1db363fc5.jpeg,1,,,,,,
a7567ff35e64e170ba8be2c8fc11a32d.jpeg,1,,,,,,
7f0a25dead4ca4ff7b4a105712c98474.jpeg,1,,,,,,
2aa0e54b4dc251420a3679b501dc8a06.jpeg,1,,,,,,
ddf95ce0bba010532bf8f3708e03af79.jpeg,1,Stable Diffusion,0,0,0,1,0
18cce7304e462fad734543d6128be4c1.jpeg,1,Stable Diffusion,1,0,1,0,0
6462947d9a5e95b1747ebb0d5c184898.jpeg,1,,,,,,
500c0397385b5a5f3b1ebf434ba34030.jpeg,1,Stable Diffusion,1,0,0,0,0
5d04c3a88fe8c5d2d7c7a8877e7880fe.jpeg,1,Stable Diffusion,0,0,0,0,0
939016207fae8e822593f8356cb1e33a.jpeg,1,Stable Diffusion,0,1,0,0,0
9dd838fe4a01e55a05c81fbb4746a0e3.jpeg,1,,,,,,
5204545de13342cbefdc0e9022d821d2.jpeg,1,Stable Diffusion,1,1,1,0,0
53805809adf9a3d8d0d33c71253fe7eb.jpeg,1,Stable Diffusion,1,0,1,0,0
c900d0d2e2a6f09e7b08da7f59d6947f.jpeg,1,Stable Diffusion,1,0,0,1,0
c1fee6fb72bc3de47b56ed5b824c4843.jpeg,1,Stable Diffusion,1,0,1,0,0
cacd09346895fe9cb6ae96b4d939234c.jpeg,1,,,,,,
cad9ff708fc092d1a1e6bd6d39897910.jpeg,1,,,,,,
141164059259c67686338130ec34b2ee.jpeg,1,,,,,,
69df2ad5f0eb01ca197dd954f040e916.jpeg,1,Stable Diffusion,0,0,1,0,0
3b1558eefcb3008a00a5e863ce729092.jpeg,1,Stable Diffusion,1,0,0,0,0
ccc04b661d52c055a44fc01718c6a2bc.jpeg,1,Stable Diffusion,1,0,1,0,0
9c8ae6d5116b49d24f8165fbd5971cef.jpeg,1,Stable Diffusion,0,1,0,0,0
35fdf8fbd0c99a4e1d6425b464c23c62.jpeg,1,Stable Diffusion,0,0,0,0,1
a4e9470dbca04b990e99d65e2f8c9602.jpeg,1,,,,,,
3dbe741ec8da19e60d694783dada6491.jpeg,1,,,,,,
5a57a961e31314c7d9a0f0ca690adc4c.jpeg,1,,,,,,
69f16be179380dc9e1cf72dd5bd9f615.jpeg,1,Stable Diffusion,1,0,1,0,0
9df27084733d64cb0922e564eb2af4f7.jpeg,1,Stable Diffusion,0,1,1,0,0
10d4441fc4cefe30bf1f61f0cea4e4aa.jpeg,1,,,,,,
351d5c8f178262436d098691ce2a0632.jpeg,1,Stable Diffusion,1,0,1,0,0
0fdee6e9c98022e1ed3bc440b78b99b3.jpeg,1,Stable Diffusion,1,0,1,0,0
4697107104dd26277b076259b6c3c1b0.jpeg,1,Stable Diffusion,0,0,1,0,0
de4c0c6eeef9cf43a791c280619e7339.jpeg,1,,,,,,
a7bc73d453fa0e17f7b72192cb57f8b88d640c1c2ae910696705ee91bd72b0e6_r12.jpeg,1,,,,,,
501f1f9992f910d097c56b82b13e55b00bae418e7c527a1764f2acfd283f39d4_r9.jpeg,1,,,,,,
50e4ccb0e4859a4b40b5eb7f3b233235c56a8f48b36800db16d094e2a20c978e_r6.jpeg,1,,,,,,
e17ae3dc3228f343f5e445e0c2b80b28f39669a71155c9b031f53e4c96bfc4be_r3.jpeg,1,,,,,,
2aee09d253a4606d2b5b4a630fbd6b834074ae2a91a3dd28e361eb8dadafad24_r10.jpeg,1,,,,,,
e17ae3dc3228f343f5e445e0c2b80b28f39669a71155c9b031f53e4c96bfc4be_r12.jpeg,1,,,,,,
2aee09d253a4606d2b5b4a630fbd6b834074ae2a91a3dd28e361eb8dadafad24_r5.jpeg,1,,,,,,
2c4c0b171577884f5c0991cacb5c5ebc_r4.jpeg,1,,,,,,
e954a8a31de9ea325f6fc7bc7d0625616c24cf6f22da64264f167702fd8cd0e0_r7.jpeg,1,,,,,,
f84a79e62e6e309deacda28d64ded163_r12.jpeg,1,,,,,,
e954a8a31de9ea325f6fc7bc7d0625616c24cf6f22da64264f167702fd8cd0e0_r12.jpeg,1,,,,,,
1c5a36da63d77c6a529d14f6ede897e28406569e3e471361f4282d10a1c7442b_r4.jpeg,1,,,,,,
48e1246a9425640df00bf3390b46d4881e5a6880d2efdb51713f8dac970079c8_r6.jpeg,1,,,,,,
ac2a72c405bced22a85f5db5d6bfc7f2d7a98ebc924249ec2e6a5fbb4e82e5ae_r9.jpeg,1,,,,,,
a7bc73d453fa0e17f7b72192cb57f8b88d640c1c2ae910696705ee91bd72b0e6_r2.jpeg,1,,,,,,
0bce6c35c24ec5ce8ae8ad5bb4f67d59_r10.jpeg,1,,,,,,
e2ded59d99ef59549385bb813cc9c8f810cd6623d61490b111e52714829f41d1_r3.jpeg,1,,,,,,
e2ded59d99ef59549385bb813cc9c8f810cd6623d61490b111e52714829f41d1_r10.jpeg,1,,,,,,
daab510ce577421c45ef147f643173f1e7018888813515d82520778e8e789ab1_r6.jpeg,1,,,,,,
def72dae66f159aba9995ef11436ae6184205d851f75cb69691cc815a471bd20_r12.jpeg,1,,,,,,
501f1f9992f910d097c56b82b13e55b00bae418e7c527a1764f2acfd283f39d4_r5.jpeg,1,,,,,,
55bf29fb606f25f6640805738772d4e04497c0154f8946f458cfc92c26e1cc63_r10.jpeg,1,,,,,,
bcd62a29647bf78c402710ba7a9683f9bc8b064187b6643e6ff86fdcc32c2bd2_r6.jpeg,1,,,,,,
55bf29fb606f25f6640805738772d4e04497c0154f8946f458cfc92c26e1cc63_r3.jpeg,1,,,,,,
2ddf7a07da956c375d9d512cf876bd871f5a3150db7b68b7ef25c1c91a694238_r2.jpeg,1,,,,,,
2c4c0b171577884f5c0991cacb5c5ebc_r8.jpeg,1,,,,,,
2aee09d253a4606d2b5b4a630fbd6b834074ae2a91a3dd28e361eb8dadafad24_r9.jpeg,1,,,,,,
f84a79e62e6e309deacda28d64ded163_r7.jpeg,1,,,,,,
2c4c0b171577884f5c0991cacb5c5ebc_r10.jpeg,1,,,,,,
1c5a36da63d77c6a529d14f6ede897e28406569e3e471361f4282d10a1c7442b_r8.jpeg,1,,,,,,
bcd62a29647bf78c402710ba7a9683f9bc8b064187b6643e6ff86fdcc32c2bd2_r13.jpeg,1,,,,,,
ac2a72c405bced22a85f5db5d6bfc7f2d7a98ebc924249ec2e6a5fbb4e82e5ae_r5.jpeg,1,,,,,,
de82a486d361d29d463892ba3776cdb684f09e7c255f5629a2479cbf7b0d997f_r3.jpeg,1,,,,,,
0bce6c35c24ec5ce8ae8ad5bb4f67d59_r3.jpeg,1,,,,,,
def72dae66f159aba9995ef11436ae6184205d851f75cb69691cc815a471bd20_r2.jpeg,1,,,,,,
def72dae66f159aba9995ef11436ae6184205d851f75cb69691cc815a471bd20_r3.jpeg,1,,,,,,
de82a486d361d29d463892ba3776cdb684f09e7c255f5629a2479cbf7b0d997f_r2.jpeg,1,,,,,,
0bce6c35c24ec5ce8ae8ad5bb4f67d59_r2.jpeg,1,,,,,,
1c5a36da63d77c6a529d14f6ede897e28406569e3e471361f4282d10a1c7442b_r9.jpeg,1,,,,,,
bcd62a29647bf78c402710ba7a9683f9bc8b064187b6643e6ff86fdcc32c2bd2_r12.jpeg,1,,,,,,
ac2a72c405bced22a85f5db5d6bfc7f2d7a98ebc924249ec2e6a5fbb4e82e5ae_r4.jpeg,1,,,,,,
2c4c0b171577884f5c0991cacb5c5ebc_r11.jpeg,1,,,,,,
f84a79e62e6e309deacda28d64ded163_r6.jpeg,1,,,,,,
2ddf7a07da956c375d9d512cf876bd871f5a3150db7b68b7ef25c1c91a694238_r3.jpeg,1,,,,,,
2c4c0b171577884f5c0991cacb5c5ebc_r9.jpeg,1,,,,,,
2aee09d253a4606d2b5b4a630fbd6b834074ae2a91a3dd28e361eb8dadafad24_r8.jpeg,1,,,,,,
55bf29fb606f25f6640805738772d4e04497c0154f8946f458cfc92c26e1cc63_r11.jpeg,1,,,,,,
55bf29fb606f25f6640805738772d4e04497c0154f8946f458cfc92c26e1cc63_r2.jpeg,1,,,,,,
bcd62a29647bf78c402710ba7a9683f9bc8b064187b6643e6ff86fdcc32c2bd2_r7.jpeg,1,,,,,,
501f1f9992f910d097c56b82b13e55b00bae418e7c527a1764f2acfd283f39d4_r4.jpeg,1,,,,,,
1c5a36da63d77c6a529d14f6ede897e28406569e3e471361f4282d10a1c7442b_r12.jpeg,1,,,,,,
e2ded59d99ef59549385bb813cc9c8f810cd6623d61490b111e52714829f41d1_r11.jpeg,1,,,,,,
daab510ce577421c45ef147f643173f1e7018888813515d82520778e8e789ab1_r7.jpeg,1,,,,,,
0bce6c35c24ec5ce8ae8ad5bb4f67d59_r11.jpeg,1,,,,,,
e2ded59d99ef59549385bb813cc9c8f810cd6623d61490b111e52714829f41d1_r2.jpeg,1,,,,,,
daab510ce577421c45ef147f643173f1e7018888813515d82520778e8e789ab1_r12.jpeg,1,,,,,,
a7bc73d453fa0e17f7b72192cb57f8b88d640c1c2ae910696705ee91bd72b0e6_r3.jpeg,1,,,,,,
48e1246a9425640df00bf3390b46d4881e5a6880d2efdb51713f8dac970079c8_r7.jpeg,1,,,,,,
1c5a36da63d77c6a529d14f6ede897e28406569e3e471361f4282d10a1c7442b_r5.jpeg,1,,,,,,
ac2a72c405bced22a85f5db5d6bfc7f2d7a98ebc924249ec2e6a5fbb4e82e5ae_r8.jpeg,1,,,,,,
f84a79e62e6e309deacda28d64ded163_r13.jpeg,1,,,,,,
e954a8a31de9ea325f6fc7bc7d0625616c24cf6f22da64264f167702fd8cd0e0_r6.jpeg,1,,,,,,
2aee09d253a4606d2b5b4a630fbd6b834074ae2a91a3dd28e361eb8dadafad24_r11.jpeg,1,,,,,,
2aee09d253a4606d2b5b4a630fbd6b834074ae2a91a3dd28e361eb8dadafad24_r4.jpeg,1,,,,,,
2c4c0b171577884f5c0991cacb5c5ebc_r5.jpeg,1,,,,,,
e17ae3dc3228f343f5e445e0c2b80b28f39669a71155c9b031f53e4c96bfc4be_r2.jpeg,1,,,,,,
bcd62a29647bf78c402710ba7a9683f9bc8b064187b6643e6ff86fdcc32c2bd2_r24.jpeg,1,,,,,,
50e4ccb0e4859a4b40b5eb7f3b233235c56a8f48b36800db16d094e2a20c978e_r7.jpeg,1,,,,,,
501f1f9992f910d097c56b82b13e55b00bae418e7c527a1764f2acfd283f39d4_r8.jpeg,1,,,,,,
bd38e3b314f1e8f737cca898e67f4c819e7e4f7ddbd3ae5734842d07af98eae2_r1.jpeg,1,,,,,,
e2ded59d99ef59549385bb813cc9c8f810cd6623d61490b111e52714829f41d1_r5.jpeg,1,,,,,,
de82a486d361d29d463892ba3776cdb684f09e7c255f5629a2479cbf7b0d997f_r12.jpeg,1,,,,,,
501f1f9992f910d097c56b82b13e55b00bae418e7c527a1764f2acfd283f39d4_r3.jpeg,1,,,,,,
e17ae3dc3228f343f5e445e0c2b80b28f39669a71155c9b031f53e4c96bfc4be_r9.jpeg,1,,,,,,
55bf29fb606f25f6640805738772d4e04497c0154f8946f458cfc92c26e1cc63_r5.jpeg,1,,,,,,
2ddf7a07da956c375d9d512cf876bd871f5a3150db7b68b7ef25c1c91a694238_r4.jpeg,1,,,,,,
f84a79e62e6e309deacda28d64ded163_r1.jpeg,1,,,,,,
2c4c0b171577884f5c0991cacb5c5ebc_r16.jpeg,1,,,,,,
bcd62a29647bf78c402710ba7a9683f9bc8b064187b6643e6ff86fdcc32c2bd2_r15.jpeg,1,,,,,,
ac2a72c405bced22a85f5db5d6bfc7f2d7a98ebc924249ec2e6a5fbb4e82e5ae_r3.jpeg,1,,,,,,
0bce6c35c24ec5ce8ae8ad5bb4f67d59_r5.jpeg,1,,,,,,
de82a486d361d29d463892ba3776cdb684f09e7c255f5629a2479cbf7b0d997f_r5.jpeg,1,,,,,,
def72dae66f159aba9995ef11436ae6184205d851f75cb69691cc815a471bd20_r4.jpeg,1,,,,,,
ac2a72c405bced22a85f5db5d6bfc7f2d7a98ebc924249ec2e6a5fbb4e82e5ae_r11.jpeg,1,,,,,,
a7bc73d453fa0e17f7b72192cb57f8b88d640c1c2ae910696705ee91bd72b0e6_r8.jpeg,1,,,,,,
2c4c0b171577884f5c0991cacb5c5ebc_r20.jpeg,1,,,,,,
e2ded59d99ef59549385bb813cc9c8f810cd6623d61490b111e52714829f41d1_r9.jpeg,1,,,,,,
bd38e3b314f1e8f737cca898e67f4c819e7e4f7ddbd3ae5734842d07af98eae2_r6.jpeg,1,,,,,,
50e4ccb0e4859a4b40b5eb7f3b233235c56a8f48b36800db16d094e2a20c978e_r12.jpeg,1,,,,,,
bcd62a29647bf78c402710ba7a9683f9bc8b064187b6643e6ff86fdcc32c2bd2_r23.jpeg,1,,,,,,
e17ae3dc3228f343f5e445e0c2b80b28f39669a71155c9b031f53e4c96bfc4be_r5.jpeg,1,,,,,,
2ddf7a07da956c375d9d512cf876bd871f5a3150db7b68b7ef25c1c91a694238_r8.jpeg,1,,,,,,
2aee09d253a4606d2b5b4a630fbd6b834074ae2a91a3dd28e361eb8dadafad24_r3.jpeg,1,,,,,,
2c4c0b171577884f5c0991cacb5c5ebc_r2.jpeg,1,,,,,,
55bf29fb606f25f6640805738772d4e04497c0154f8946f458cfc92c26e1cc63_r9.jpeg,1,,,,,,
e954a8a31de9ea325f6fc7bc7d0625616c24cf6f22da64264f167702fd8cd0e0_r1.jpeg,1,,,,,,
f84a79e62e6e309deacda28d64ded163_r14.jpeg,1,,,,,,
de82a486d361d29d463892ba3776cdb684f09e7c255f5629a2479cbf7b0d997f_r9.jpeg,1,,,,,,
0bce6c35c24ec5ce8ae8ad5bb4f67d59_r9.jpeg,1,,,,,,
1c5a36da63d77c6a529d14f6ede897e28406569e3e471361f4282d10a1c7442b_r2.jpeg,1,,,,,,
bcd62a29647bf78c402710ba7a9683f9bc8b064187b6643e6ff86fdcc32c2bd2_r19.jpeg,1,,,,,,
a7bc73d453fa0e17f7b72192cb57f8b88d640c1c2ae910696705ee91bd72b0e6_r4.jpeg,1,,,,,,
2ddf7a07da956c375d9d512cf876bd871f5a3150db7b68b7ef25c1c91a694238_r13.jpeg,1,,,,,,
def72dae66f159aba9995ef11436ae6184205d851f75cb69691cc815a471bd20_r8.jpeg,1,,,,,,
def72dae66f159aba9995ef11436ae6184205d851f75cb69691cc815a471bd20_r9.jpeg,1,,,,,,
a7bc73d453fa0e17f7b72192cb57f8b88d640c1c2ae910696705ee91bd72b0e6_r5.jpeg,1,,,,,,
2ddf7a07da956c375d9d512cf876bd871f5a3150db7b68b7ef25c1c91a694238_r12.jpeg,1,,,,,,
48e1246a9425640df00bf3390b46d4881e5a6880d2efdb51713f8dac970079c8_r1.jpeg,1,,,,,,
1c5a36da63d77c6a529d14f6ede897e28406569e3e471361f4282d10a1c7442b_r3.jpeg,1,,,,,,
bcd62a29647bf78c402710ba7a9683f9bc8b064187b6643e6ff86fdcc32c2bd2_r18.jpeg,1,,,,,,
de82a486d361d29d463892ba3776cdb684f09e7c255f5629a2479cbf7b0d997f_r8.jpeg,1,,,,,,
0bce6c35c24ec5ce8ae8ad5bb4f67d59_r8.jpeg,1,,,,,,
f84a79e62e6e309deacda28d64ded163_r15.jpeg,1,,,,,,
55bf29fb606f25f6640805738772d4e04497c0154f8946f458cfc92c26e1cc63_r8.jpeg,1,,,,,,
2ddf7a07da956c375d9d512cf876bd871f5a3150db7b68b7ef25c1c91a694238_r9.jpeg,1,,,,,,
2aee09d253a4606d2b5b4a630fbd6b834074ae2a91a3dd28e361eb8dadafad24_r2.jpeg,1,,,,,,
2c4c0b171577884f5c0991cacb5c5ebc_r3.jpeg,1,,,,,,
e17ae3dc3228f343f5e445e0c2b80b28f39669a71155c9b031f53e4c96bfc4be_r4.jpeg,1,,,,,,
bcd62a29647bf78c402710ba7a9683f9bc8b064187b6643e6ff86fdcc32c2bd2_r22.jpeg,1,,,,,,
50e4ccb0e4859a4b40b5eb7f3b233235c56a8f48b36800db16d094e2a20c978e_r1.jpeg,1,,,,,,
48e1246a9425640df00bf3390b46d4881e5a6880d2efdb51713f8dac970079c8_r12.jpeg,1,,,,,,
501f1f9992f910d097c56b82b13e55b00bae418e7c527a1764f2acfd283f39d4_r12.jpeg,1,,,,,,
bd38e3b314f1e8f737cca898e67f4c819e7e4f7ddbd3ae5734842d07af98eae2_r12.jpeg,1,,,,,,
bd38e3b314f1e8f737cca898e67f4c819e7e4f7ddbd3ae5734842d07af98eae2_r7.jpeg,1,,,,,,
e2ded59d99ef59549385bb813cc9c8f810cd6623d61490b111e52714829f41d1_r8.jpeg,1,,,,,,
2c4c0b171577884f5c0991cacb5c5ebc_r21.jpeg,1,,,,,,
ac2a72c405bced22a85f5db5d6bfc7f2d7a98ebc924249ec2e6a5fbb4e82e5ae_r10.jpeg,1,,,,,,
a7bc73d453fa0e17f7b72192cb57f8b88d640c1c2ae910696705ee91bd72b0e6_r9.jpeg,1,,,,,,
def72dae66f159aba9995ef11436ae6184205d851f75cb69691cc815a471bd20_r5.jpeg,1,,,,,,
0bce6c35c24ec5ce8ae8ad5bb4f67d59_r4.jpeg,1,,,,,,
de82a486d361d29d463892ba3776cdb684f09e7c255f5629a2479cbf7b0d997f_r4.jpeg,1,,,,,,
bcd62a29647bf78c402710ba7a9683f9bc8b064187b6643e6ff86fdcc32c2bd2_r14.jpeg,1,,,,,,
ac2a72c405bced22a85f5db5d6bfc7f2d7a98ebc924249ec2e6a5fbb4e82e5ae_r2.jpeg,1,,,,,,
2c4c0b171577884f5c0991cacb5c5ebc_r17.jpeg,1,,,,,,
2ddf7a07da956c375d9d512cf876bd871f5a3150db7b68b7ef25c1c91a694238_r5.jpeg,1,,,,,,
55bf29fb606f25f6640805738772d4e04497c0154f8946f458cfc92c26e1cc63_r4.jpeg,1,,,,,,
bcd62a29647bf78c402710ba7a9683f9bc8b064187b6643e6ff86fdcc32c2bd2_r1.jpeg,1,,,,,,
e17ae3dc3228f343f5e445e0c2b80b28f39669a71155c9b031f53e4c96bfc4be_r8.jpeg,1,,,,,,
501f1f9992f910d097c56b82b13e55b00bae418e7c527a1764f2acfd283f39d4_r2.jpeg,1,,,,,,
daab510ce577421c45ef147f643173f1e7018888813515d82520778e8e789ab1_r1.jpeg,1,,,,,,
e2ded59d99ef59549385bb813cc9c8f810cd6623d61490b111e52714829f41d1_r4.jpeg,1,,,,,,
def72dae66f159aba9995ef11436ae6184205d851f75cb69691cc815a471bd20_r6.jpeg,1,,,,,,
de82a486d361d29d463892ba3776cdb684f09e7c255f5629a2479cbf7b0d997f_r7.jpeg,1,,,,,,
0bce6c35c24ec5ce8ae8ad5bb4f67d59_r7.jpeg,1,,,,,,
ac2a72c405bced22a85f5db5d6bfc7f2d7a98ebc924249ec2e6a5fbb4e82e5ae_r1.jpeg,1,,,,,,
bcd62a29647bf78c402710ba7a9683f9bc8b064187b6643e6ff86fdcc32c2bd2_r17.jpeg,1,,,,,,
2c4c0b171577884f5c0991cacb5c5ebc_r14.jpeg,1,,,,,,
f84a79e62e6e309deacda28d64ded163_r3.jpeg,1,,,,,,
2ddf7a07da956c375d9d512cf876bd871f5a3150db7b68b7ef25c1c91a694238_r6.jpeg,1,,,,,,
55bf29fb606f25f6640805738772d4e04497c0154f8946f458cfc92c26e1cc63_r7.jpeg,1,,,,,,
bcd62a29647bf78c402710ba7a9683f9bc8b064187b6643e6ff86fdcc32c2bd2_r2.jpeg,1,,,,,,
501f1f9992f910d097c56b82b13e55b00bae418e7c527a1764f2acfd283f39d4_r1.jpeg,1,,,,,,
de82a486d361d29d463892ba3776cdb684f09e7c255f5629a2479cbf7b0d997f_r10.jpeg,1,,,,,,
bd38e3b314f1e8f737cca898e67f4c819e7e4f7ddbd3ae5734842d07af98eae2_r8.jpeg,1,,,,,,
daab510ce577421c45ef147f643173f1e7018888813515d82520778e8e789ab1_r2.jpeg,1,,,,,,
e2ded59d99ef59549385bb813cc9c8f810cd6623d61490b111e52714829f41d1_r7.jpeg,1,,,,,,
2ddf7a07da956c375d9d512cf876bd871f5a3150db7b68b7ef25c1c91a694238_r11.jpeg,1,,,,,,
a7bc73d453fa0e17f7b72192cb57f8b88d640c1c2ae910696705ee91bd72b0e6_r6.jpeg,1,,,,,,
48e1246a9425640df00bf3390b46d4881e5a6880d2efdb51713f8dac970079c8_r2.jpeg,1,,,,,,
2c4c0b171577884f5c0991cacb5c5ebc_r18.jpeg,1,,,,,,
f84a79e62e6e309deacda28d64ded163_r16.jpeg,1,,,,,,
e954a8a31de9ea325f6fc7bc7d0625616c24cf6f22da64264f167702fd8cd0e0_r3.jpeg,1,,,,,,
2aee09d253a4606d2b5b4a630fbd6b834074ae2a91a3dd28e361eb8dadafad24_r1.jpeg,1,,,,,,
e17ae3dc3228f343f5e445e0c2b80b28f39669a71155c9b031f53e4c96bfc4be_r7.jpeg,1,,,,,,
bcd62a29647bf78c402710ba7a9683f9bc8b064187b6643e6ff86fdcc32c2bd2_r21.jpeg,1,,,,,,
50e4ccb0e4859a4b40b5eb7f3b233235c56a8f48b36800db16d094e2a20c978e_r10.jpeg,1,,,,,,
50e4ccb0e4859a4b40b5eb7f3b233235c56a8f48b36800db16d094e2a20c978e_r2.jpeg,1,,,,,,
48e1246a9425640df00bf3390b46d4881e5a6880d2efdb51713f8dac970079c8_r11.jpeg,1,,,,,,
bd38e3b314f1e8f737cca898e67f4c819e7e4f7ddbd3ae5734842d07af98eae2_r11.jpeg,1,,,,,,
501f1f9992f910d097c56b82b13e55b00bae418e7c527a1764f2acfd283f39d4_r11.jpeg,1,,,,,,
bd38e3b314f1e8f737cca898e67f4c819e7e4f7ddbd3ae5734842d07af98eae2_r4.jpeg,1,,,,,,
2c4c0b171577884f5c0991cacb5c5ebc_r22.jpeg,1,,,,,,
bd38e3b314f1e8f737cca898e67f4c819e7e4f7ddbd3ae5734842d07af98eae2_r5.jpeg,1,,,,,,
bd38e3b314f1e8f737cca898e67f4c819e7e4f7ddbd3ae5734842d07af98eae2_r10.jpeg,1,,,,,,
501f1f9992f910d097c56b82b13e55b00bae418e7c527a1764f2acfd283f39d4_r10.jpeg,1,,,,,,
48e1246a9425640df00bf3390b46d4881e5a6880d2efdb51713f8dac970079c8_r10.jpeg,1,,,,,,
50e4ccb0e4859a4b40b5eb7f3b233235c56a8f48b36800db16d094e2a20c978e_r11.jpeg,1,,,,,,
50e4ccb0e4859a4b40b5eb7f3b233235c56a8f48b36800db16d094e2a20c978e_r3.jpeg,1,,,,,,
bcd62a29647bf78c402710ba7a9683f9bc8b064187b6643e6ff86fdcc32c2bd2_r20.jpeg,1,,,,,,
e17ae3dc3228f343f5e445e0c2b80b28f39669a71155c9b031f53e4c96bfc4be_r6.jpeg,1,,,,,,
2c4c0b171577884f5c0991cacb5c5ebc_r1.jpeg,1,,,,,,
e954a8a31de9ea325f6fc7bc7d0625616c24cf6f22da64264f167702fd8cd0e0_r2.jpeg,1,,,,,,
2c4c0b171577884f5c0991cacb5c5ebc_r19.jpeg,1,,,,,,
1c5a36da63d77c6a529d14f6ede897e28406569e3e471361f4282d10a1c7442b_r1.jpeg,1,,,,,,
48e1246a9425640df00bf3390b46d4881e5a6880d2efdb51713f8dac970079c8_r3.jpeg,1,,,,,,
2ddf7a07da956c375d9d512cf876bd871f5a3150db7b68b7ef25c1c91a694238_r10.jpeg,1,,,,,,
a7bc73d453fa0e17f7b72192cb57f8b88d640c1c2ae910696705ee91bd72b0e6_r7.jpeg,1,,,,,,
e2ded59d99ef59549385bb813cc9c8f810cd6623d61490b111e52714829f41d1_r6.jpeg,1,,,,,,
daab510ce577421c45ef147f643173f1e7018888813515d82520778e8e789ab1_r3.jpeg,1,,,,,,
bd38e3b314f1e8f737cca898e67f4c819e7e4f7ddbd3ae5734842d07af98eae2_r9.jpeg,1,,,,,,
de82a486d361d29d463892ba3776cdb684f09e7c255f5629a2479cbf7b0d997f_r11.jpeg,1,,,,,,
bcd62a29647bf78c402710ba7a9683f9bc8b064187b6643e6ff86fdcc32c2bd2_r3.jpeg,1,,,,,,
55bf29fb606f25f6640805738772d4e04497c0154f8946f458cfc92c26e1cc63_r6.jpeg,1,,,,,,
2ddf7a07da956c375d9d512cf876bd871f5a3150db7b68b7ef25c1c91a694238_r7.jpeg,1,,,,,,
f84a79e62e6e309deacda28d64ded163_r2.jpeg,1,,,,,,
2c4c0b171577884f5c0991cacb5c5ebc_r15.jpeg,1,,,,,,
bcd62a29647bf78c402710ba7a9683f9bc8b064187b6643e6ff86fdcc32c2bd2_r16.jpeg,1,,,,,,
de82a486d361d29d463892ba3776cdb684f09e7c255f5629a2479cbf7b0d997f_r6.jpeg,1,,,,,,
0bce6c35c24ec5ce8ae8ad5bb4f67d59_r6.jpeg,1,,,,,,
def72dae66f159aba9995ef11436ae6184205d851f75cb69691cc815a471bd20_r7.jpeg,1,,,,,,
ac2a72c405bced22a85f5db5d6bfc7f2d7a98ebc924249ec2e6a5fbb4e82e5ae_r12.jpeg,1,,,,,,
daab510ce577421c45ef147f643173f1e7018888813515d82520778e8e789ab1_r11.jpeg,1,,,,,,
48e1246a9425640df00bf3390b46d4881e5a6880d2efdb51713f8dac970079c8_r4.jpeg,1,,,,,,
1c5a36da63d77c6a529d14f6ede897e28406569e3e471361f4282d10a1c7442b_r6.jpeg,1,,,,,,
e954a8a31de9ea325f6fc7bc7d0625616c24cf6f22da64264f167702fd8cd0e0_r10.jpeg,1,,,,,,
f84a79e62e6e309deacda28d64ded163_r9.jpeg,1,,,,,,
f84a79e62e6e309deacda28d64ded163_r10.jpeg,1,,,,,,
e954a8a31de9ea325f6fc7bc7d0625616c24cf6f22da64264f167702fd8cd0e0_r5.jpeg,1,,,,,,
bcd62a29647bf78c402710ba7a9683f9bc8b064187b6643e6ff86fdcc32c2bd2_r8.jpeg,1,,,,,,
2aee09d253a4606d2b5b4a630fbd6b834074ae2a91a3dd28e361eb8dadafad24_r7.jpeg,1,,,,,,
2c4c0b171577884f5c0991cacb5c5ebc_r6.jpeg,1,,,,,,
e17ae3dc3228f343f5e445e0c2b80b28f39669a71155c9b031f53e4c96bfc4be_r10.jpeg,1,,,,,,
2aee09d253a4606d2b5b4a630fbd6b834074ae2a91a3dd28e361eb8dadafad24_r12.jpeg,1,,,,,,
e17ae3dc3228f343f5e445e0c2b80b28f39669a71155c9b031f53e4c96bfc4be_r1.jpeg,1,,,,,,
50e4ccb0e4859a4b40b5eb7f3b233235c56a8f48b36800db16d094e2a20c978e_r4.jpeg,1,,,,,,
a7bc73d453fa0e17f7b72192cb57f8b88d640c1c2ae910696705ee91bd72b0e6_r10.jpeg,1,,,,,,
bd38e3b314f1e8f737cca898e67f4c819e7e4f7ddbd3ae5734842d07af98eae2_r2.jpeg,1,,,,,,
daab510ce577421c45ef147f643173f1e7018888813515d82520778e8e789ab1_r8.jpeg,1,,,,,,
0bce6c35c24ec5ce8ae8ad5bb4f67d59_r1.jpeg,1,,,,,,
de82a486d361d29d463892ba3776cdb684f09e7c255f5629a2479cbf7b0d997f_r1.jpeg,1,,,,,,
ac2a72c405bced22a85f5db5d6bfc7f2d7a98ebc924249ec2e6a5fbb4e82e5ae_r7.jpeg,1,,,,,,
bcd62a29647bf78c402710ba7a9683f9bc8b064187b6643e6ff86fdcc32c2bd2_r11.jpeg,1,,,,,,
48e1246a9425640df00bf3390b46d4881e5a6880d2efdb51713f8dac970079c8_r8.jpeg,1,,,,,,
2c4c0b171577884f5c0991cacb5c5ebc_r12.jpeg,1,,,,,,
f84a79e62e6e309deacda28d64ded163_r5.jpeg,1,,,,,,
e954a8a31de9ea325f6fc7bc7d0625616c24cf6f22da64264f167702fd8cd0e0_r9.jpeg,1,,,,,,
55bf29fb606f25f6640805738772d4e04497c0154f8946f458cfc92c26e1cc63_r1.jpeg,1,,,,,,
bcd62a29647bf78c402710ba7a9683f9bc8b064187b6643e6ff86fdcc32c2bd2_r4.jpeg,1,,,,,,
55bf29fb606f25f6640805738772d4e04497c0154f8946f458cfc92c26e1cc63_r12.jpeg,1,,,,,,
50e4ccb0e4859a4b40b5eb7f3b233235c56a8f48b36800db16d094e2a20c978e_r8.jpeg,1,,,,,,
501f1f9992f910d097c56b82b13e55b00bae418e7c527a1764f2acfd283f39d4_r7.jpeg,1,,,,,,
def72dae66f159aba9995ef11436ae6184205d851f75cb69691cc815a471bd20_r10.jpeg,1,,,,,,
1c5a36da63d77c6a529d14f6ede897e28406569e3e471361f4282d10a1c7442b_r11.jpeg,1,,,,,,
daab510ce577421c45ef147f643173f1e7018888813515d82520778e8e789ab1_r4.jpeg,1,,,,,,
e2ded59d99ef59549385bb813cc9c8f810cd6623d61490b111e52714829f41d1_r12.jpeg,1,,,,,,
e2ded59d99ef59549385bb813cc9c8f810cd6623d61490b111e52714829f41d1_r1.jpeg,1,,,,,,
daab510ce577421c45ef147f643173f1e7018888813515d82520778e8e789ab1_r5.jpeg,1,,,,,,
1c5a36da63d77c6a529d14f6ede897e28406569e3e471361f4282d10a1c7442b_r10.jpeg,1,,,,,,
def72dae66f159aba9995ef11436ae6184205d851f75cb69691cc815a471bd20_r11.jpeg,1,,,,,,
501f1f9992f910d097c56b82b13e55b00bae418e7c527a1764f2acfd283f39d4_r6.jpeg,1,,,,,,
50e4ccb0e4859a4b40b5eb7f3b233235c56a8f48b36800db16d094e2a20c978e_r9.jpeg,1,,,,,,
e954a8a31de9ea325f6fc7bc7d0625616c24cf6f22da64264f167702fd8cd0e0_r8.jpeg,1,,,,,,
bcd62a29647bf78c402710ba7a9683f9bc8b064187b6643e6ff86fdcc32c2bd2_r5.jpeg,1,,,,,,
2ddf7a07da956c375d9d512cf876bd871f5a3150db7b68b7ef25c1c91a694238_r1.jpeg,1,,,,,,
f84a79e62e6e309deacda28d64ded163_r4.jpeg,1,,,,,,
2c4c0b171577884f5c0991cacb5c5ebc_r13.jpeg,1,,,,,,
ac2a72c405bced22a85f5db5d6bfc7f2d7a98ebc924249ec2e6a5fbb4e82e5ae_r6.jpeg,1,,,,,,
48e1246a9425640df00bf3390b46d4881e5a6880d2efdb51713f8dac970079c8_r9.jpeg,1,,,,,,
bcd62a29647bf78c402710ba7a9683f9bc8b064187b6643e6ff86fdcc32c2bd2_r10.jpeg,1,,,,,,
def72dae66f159aba9995ef11436ae6184205d851f75cb69691cc815a471bd20_r1.jpeg,1,,,,,,
daab510ce577421c45ef147f643173f1e7018888813515d82520778e8e789ab1_r9.jpeg,1,,,,,,
a7bc73d453fa0e17f7b72192cb57f8b88d640c1c2ae910696705ee91bd72b0e6_r11.jpeg,1,,,,,,
bd38e3b314f1e8f737cca898e67f4c819e7e4f7ddbd3ae5734842d07af98eae2_r3.jpeg,1,,,,,,
50e4ccb0e4859a4b40b5eb7f3b233235c56a8f48b36800db16d094e2a20c978e_r5.jpeg,1,,,,,,
2aee09d253a4606d2b5b4a630fbd6b834074ae2a91a3dd28e361eb8dadafad24_r6.jpeg,1,,,,,,
2c4c0b171577884f5c0991cacb5c5ebc_r7.jpeg,1,,,,,,
e17ae3dc3228f343f5e445e0c2b80b28f39669a71155c9b031f53e4c96bfc4be_r11.jpeg,1,,,,,,
e954a8a31de9ea325f6fc7bc7d0625616c24cf6f22da64264f167702fd8cd0e0_r4.jpeg,1,,,,,,
bcd62a29647bf78c402710ba7a9683f9bc8b064187b6643e6ff86fdcc32c2bd2_r9.jpeg,1,,,,,,
f84a79e62e6e309deacda28d64ded163_r11.jpeg,1,,,,,,
f84a79e62e6e309deacda28d64ded163_r8.jpeg,1,,,,,,
e954a8a31de9ea325f6fc7bc7d0625616c24cf6f22da64264f167702fd8cd0e0_r11.jpeg,1,,,,,,
1c5a36da63d77c6a529d14f6ede897e28406569e3e471361f4282d10a1c7442b_r7.jpeg,1,,,,,,
48e1246a9425640df00bf3390b46d4881e5a6880d2efdb51713f8dac970079c8_r5.jpeg,1,,,,,,
a7bc73d453fa0e17f7b72192cb57f8b88d640c1c2ae910696705ee91bd72b0e6_r1.jpeg,1,,,,,,
daab510ce577421c45ef147f643173f1e7018888813515d82520778e8e789ab1_r10.jpeg,1,,,,,,
0b5612ff0d9c8f99f74e8c9d508b27ee_r1.jpeg,1,,,,,,
0b5612ff0d9c8f99f74e8c9d508b27ee_r2.jpeg,1,,,,,,
0b5612ff0d9c8f99f74e8c9d508b27ee_r3.jpeg,1,,,,,,
0b5612ff0d9c8f99f74e8c9d508b27ee_r4.jpeg,1,,,,,,
0b5612ff0d9c8f99f74e8c9d508b27ee_r5.jpeg,1,,,,,,
0b5612ff0d9c8f99f74e8c9d508b27ee_r6.jpeg,1,,,,,,
0b5612ff0d9c8f99f74e8c9d508b27ee_r7.jpeg,1,,,,,,
0b5612ff0d9c8f99f74e8c9d508b27ee_r8.jpeg,1,,,,,,
0b5612ff0d9c8f99f74e8c9d508b27ee_r9.jpeg,1,,,,,,
0b5612ff0d9c8f99f74e8c9d508b27ee_r10.jpeg,1,,,,,,
0b5612ff0d9c8f99f74e8c9d508b27ee_r11.jpeg,1,,,,,,
0b5612ff0d9c8f99f74e8c9d508b27ee_r12.jpeg,1,,,,,,
0e65a4e5adc50344a43ffbd1f9ff84ea_r1.jpeg,1,,,,,,
0e65a4e5adc50344a43ffbd1f9ff84ea_r2.jpeg,1,,,,,,
0e65a4e5adc50344a43ffbd1f9ff84ea_r3.jpeg,1,,,,,,
0e65a4e5adc50344a43ffbd1f9ff84ea_r4.jpeg,1,,,,,,
0e65a4e5adc50344a43ffbd1f9ff84ea_r5.jpeg,1,,,,,,
0e65a4e5adc50344a43ffbd1f9ff84ea_r6.jpeg,1,,,,,,
0e65a4e5adc50344a43ffbd1f9ff84ea_r7.jpeg,1,,,,,,
0e65a4e5adc50344a43ffbd1f9ff84ea_r8.jpeg,1,,,,,,
0e65a4e5adc50344a43ffbd1f9ff84ea_r9.jpeg,1,,,,,,
0e65a4e5adc50344a43ffbd1f9ff84ea_r10.jpeg,1,,,,,,
0e65a4e5adc50344a43ffbd1f9ff84ea_r11.jpeg,1,,,,,,
0e65a4e5adc50344a43ffbd1f9ff84ea_r12.jpeg,1,,,,,,
4ca91e737979369e37478c4f4ec6e84e_r1.jpeg,1,,,,,,
4ca91e737979369e37478c4f4ec6e84e_r2.jpeg,1,,,,,,
4ca91e737979369e37478c4f4ec6e84e_r3.jpeg,1,,,,,,
4ca91e737979369e37478c4f4ec6e84e_r4.jpeg,1,,,,,,
4ca91e737979369e37478c4f4ec6e84e_r5.jpeg,1,,,,,,
4ca91e737979369e37478c4f4ec6e84e_r6.jpeg,1,,,,,,
4ca91e737979369e37478c4f4ec6e84e_r7.jpeg,1,,,,,,
4ca91e737979369e37478c4f4ec6e84e_r8.jpeg,1,,,,,,
4ca91e737979369e37478c4f4ec6e84e_r9.jpeg,1,,,,,,
4ca91e737979369e37478c4f4ec6e84e_r10.jpeg,1,,,,,,
4ca91e737979369e37478c4f4ec6e84e_r11.jpeg,1,,,,,,
4ca91e737979369e37478c4f4ec6e84e_r12.jpeg,1,,,,,,
4d23416a599751a846ef50398a9a40d3_r1.jpeg,1,,,,,,
4d23416a599751a846ef50398a9a40d3_r2.jpeg,1,,,,,,
4d23416a599751a846ef50398a9a40d3_r3.jpeg,1,,,,,,
4d23416a599751a846ef50398a9a40d3_r4.jpeg,1,,,,,,
4d23416a599751a846ef50398a9a40d3_r5.jpeg,1,,,,,,
4d23416a599751a846ef50398a9a40d3_r6.jpeg,1,,,,,,
4d23416a599751a846ef50398a9a40d3_r7.jpeg,1,,,,,,
4d23416a599751a846ef50398a9a40d3_r8.jpeg,1,,,,,,
4d23416a599751a846ef50398a9a40d3_r9.jpeg,1,,,,,,
4d23416a599751a846ef50398a9a40d3_r10.jpeg,1,,,,,,
4d23416a599751a846ef50398a9a40d3_r11.jpeg,1,,,,,,
4d23416a599751a846ef50398a9a40d3_r12.jpeg,1,,,,,,
4f3f845047351e1e499f6fe14f5ee746_r2.jpeg,1,,,,,,
4f3f845047351e1e499f6fe14f5ee746_r3.jpeg,1,,,,,,
4f3f845047351e1e499f6fe14f5ee746_r4.jpeg,1,,,,,,
4f3f845047351e1e499f6fe14f5ee746_r5.jpeg,1,,,,,,
4f3f845047351e1e499f6fe14f5ee746_r6.jpeg,1,,,,,,
4f3f845047351e1e499f6fe14f5ee746_r7.jpeg,1,,,,,,
4f3f845047351e1e499f6fe14f5ee746_r8.jpeg,1,,,,,,
4f3f845047351e1e499f6fe14f5ee746_r9.jpeg,1,,,,,,
4f3f845047351e1e499f6fe14f5ee746_r10.jpeg,1,,,,,,
4f3f845047351e1e499f6fe14f5ee746_r11.jpeg,1,,,,,,
4f3f845047351e1e499f6fe14f5ee746_r12.jpeg,1,,,,,,
5c7ece5c8c2a157ff5acd384f64a567d_r1.jpeg,1,,,,,,
5c7ece5c8c2a157ff5acd384f64a567d_r2.jpeg,1,,,,,,
5c7ece5c8c2a157ff5acd384f64a567d_r3.jpeg,1,,,,,,
5c7ece5c8c2a157ff5acd384f64a567d_r4.jpeg,1,,,,,,
5c7ece5c8c2a157ff5acd384f64a567d_r5.jpeg,1,,,,,,
5c7ece5c8c2a157ff5acd384f64a567d_r6.jpeg,1,,,,,,
5c7ece5c8c2a157ff5acd384f64a567d_r7.jpeg,1,,,,,,
5c7ece5c8c2a157ff5acd384f64a567d_r8.jpeg,1,,,,,,
5c7ece5c8c2a157ff5acd384f64a567d_r9.jpeg,1,,,,,,
5c7ece5c8c2a157ff5acd384f64a567d_r10.jpeg,1,,,,,,
5c7ece5c8c2a157ff5acd384f64a567d_r11.jpeg,1,,,,,,
5c7ece5c8c2a157ff5acd384f64a567d_r12.jpeg,1,,,,,,
76af9c56f4a8bd175ec95009c85cc055_r1.jpeg,1,,,,,,
76af9c56f4a8bd175ec95009c85cc055_r2.jpeg,1,,,,,,
76af9c56f4a8bd175ec95009c85cc055_r3.jpeg,1,,,,,,
76af9c56f4a8bd175ec95009c85cc055_r4.jpeg,1,,,,,,
76af9c56f4a8bd175ec95009c85cc055_r5.jpeg,1,,,,,,
76af9c56f4a8bd175ec95009c85cc055_r6.jpeg,1,,,,,,
76af9c56f4a8bd175ec95009c85cc055_r7.jpeg,1,,,,,,
76af9c56f4a8bd175ec95009c85cc055_r8.jpeg,1,,,,,,
76af9c56f4a8bd175ec95009c85cc055_r9.jpeg,1,,,,,,
76af9c56f4a8bd175ec95009c85cc055_r10.jpeg,1,,,,,,
76af9c56f4a8bd175ec95009c85cc055_r11.jpeg,1,,,,,,
76af9c56f4a8bd175ec95009c85cc055_r12.jpeg,1,,,,,,
84afad8071fc00f7c4c00246bc3589c1_r1.jpeg,1,,,,,,
84afad8071fc00f7c4c00246bc3589c1_r2.jpeg,1,,,,,,
84afad8071fc00f7c4c00246bc3589c1_r3.jpeg,1,,,,,,
84afad8071fc00f7c4c00246bc3589c1_r4.jpeg,1,,,,,,
84afad8071fc00f7c4c00246bc3589c1_r5.jpeg,1,,,,,,
84afad8071fc00f7c4c00246bc3589c1_r6.jpeg,1,,,,,,
84afad8071fc00f7c4c00246bc3589c1_r7.jpeg,1,,,,,,
84afad8071fc00f7c4c00246bc3589c1_r8.jpeg,1,,,,,,
84afad8071fc00f7c4c00246bc3589c1_r9.jpeg,1,,,,,,
84afad8071fc00f7c4c00246bc3589c1_r10.jpeg,1,,,,,,
84afad8071fc00f7c4c00246bc3589c1_r11.jpeg,1,,,,,,
84afad8071fc00f7c4c00246bc3589c1_r12.jpeg,1,,,,,,
86ae36214222e367f9bc162308095ada_r1.jpeg,1,,,,,,
86ae36214222e367f9bc162308095ada_r2.jpeg,1,,,,,,
86ae36214222e367f9bc162308095ada_r3.jpeg,1,,,,,,
86ae36214222e367f9bc162308095ada_r4.jpeg,1,,,,,,
86ae36214222e367f9bc162308095ada_r5.jpeg,1,,,,,,
86ae36214222e367f9bc162308095ada_r6.jpeg,1,,,,,,
86ae36214222e367f9bc162308095ada_r7.jpeg,1,,,,,,
86ae36214222e367f9bc162308095ada_r8.jpeg,1,,,,,,
86ae36214222e367f9bc162308095ada_r9.jpeg,1,,,,,,
86ae36214222e367f9bc162308095ada_r10.jpeg,1,,,,,,
86ae36214222e367f9bc162308095ada_r11.jpeg,1,,,,,,
86ae36214222e367f9bc162308095ada_r12.jpeg,1,,,,,,
191af80c473c7d21b78525c9a850414e_r1.jpeg,1,,,,,,
191af80c473c7d21b78525c9a850414e_r2.jpeg,1,,,,,,
191af80c473c7d21b78525c9a850414e_r3.jpeg,1,,,,,,
191af80c473c7d21b78525c9a850414e_r4.jpeg,1,,,,,,
191af80c473c7d21b78525c9a850414e_r5.jpeg,1,,,,,,
191af80c473c7d21b78525c9a850414e_r6.jpeg,1,,,,,,
191af80c473c7d21b78525c9a850414e_r7.jpeg,1,,,,,,
191af80c473c7d21b78525c9a850414e_r8.jpeg,1,,,,,,
191af80c473c7d21b78525c9a850414e_r9.jpeg,1,,,,,,
191af80c473c7d21b78525c9a850414e_r10.jpeg,1,,,,,,
191af80c473c7d21b78525c9a850414e_r11.jpeg,1,,,,,,
191af80c473c7d21b78525c9a850414e_r12.jpeg,1,,,,,,
351d5c8f178262436d098691ce2a0632_r1.jpeg,1,,,,,,
351d5c8f178262436d098691ce2a0632_r2.jpeg,1,,,,,,
351d5c8f178262436d098691ce2a0632_r3.jpeg,1,,,,,,
351d5c8f178262436d098691ce2a0632_r4.jpeg,1,,,,,,
351d5c8f178262436d098691ce2a0632_r5.jpeg,1,,,,,,
351d5c8f178262436d098691ce2a0632_r6.jpeg,1,,,,,,
351d5c8f178262436d098691ce2a0632_r7.jpeg,1,,,,,,
351d5c8f178262436d098691ce2a0632_r8.jpeg,1,,,,,,
351d5c8f178262436d098691ce2a0632_r9.jpeg,1,,,,,,
351d5c8f178262436d098691ce2a0632_r10.jpeg,1,,,,,,
351d5c8f178262436d098691ce2a0632_r11.jpeg,1,,,,,,
351d5c8f178262436d098691ce2a0632_r12.jpeg,1,,,,,,
8059c316907c586bdf33ad3cb9ca3f95_r1.jpeg,1,,,,,,
8059c316907c586bdf33ad3cb9ca3f95_r2.jpeg,1,,,,,,
8059c316907c586bdf33ad3cb9ca3f95_r3.jpeg,1,,,,,,
8059c316907c586bdf33ad3cb9ca3f95_r4.jpeg,1,,,,,,
8059c316907c586bdf33ad3cb9ca3f95_r5.jpeg,1,,,,,,
8059c316907c586bdf33ad3cb9ca3f95_r6.jpeg,1,,,,,,
8059c316907c586bdf33ad3cb9ca3f95_r7.jpeg,1,,,,,,
8059c316907c586bdf33ad3cb9ca3f95_r8.jpeg,1,,,,,,
8059c316907c586bdf33ad3cb9ca3f95_r9.jpeg,1,,,,,,
8059c316907c586bdf33ad3cb9ca3f95_r10.jpeg,1,,,,,,
8059c316907c586bdf33ad3cb9ca3f95_r11.jpeg,1,,,,,,
8059c316907c586bdf33ad3cb9ca3f95_r12.jpeg,1,,,,,,
13830cc00959d97a3e49f39fee56005d_r1.jpeg,1,,,,,,
13830cc00959d97a3e49f39fee56005d_r2.jpeg,1,,,,,,
13830cc00959d97a3e49f39fee56005d_r3.jpeg,1,,,,,,
13830cc00959d97a3e49f39fee56005d_r4.jpeg,1,,,,,,
13830cc00959d97a3e49f39fee56005d_r5.jpeg,1,,,,,,
13830cc00959d97a3e49f39fee56005d_r6.jpeg,1,,,,,,
13830cc00959d97a3e49f39fee56005d_r7.jpeg,1,,,,,,
13830cc00959d97a3e49f39fee56005d_r8.jpeg,1,,,,,,
13830cc00959d97a3e49f39fee56005d_r10.jpeg,1,,,,,,
13830cc00959d97a3e49f39fee56005d_r11.jpeg,1,,,,,,
13830cc00959d97a3e49f39fee56005d_r12.jpeg,1,,,,,,
53805809adf9a3d8d0d33c71253fe7eb_r1.jpeg,1,,,,,,
53805809adf9a3d8d0d33c71253fe7eb_r2.jpeg,1,,,,,,
53805809adf9a3d8d0d33c71253fe7eb_r3.jpeg,1,,,,,,
53805809adf9a3d8d0d33c71253fe7eb_r4.jpeg,1,,,,,,
53805809adf9a3d8d0d33c71253fe7eb_r5.jpeg,1,,,,,,
53805809adf9a3d8d0d33c71253fe7eb_r6.jpeg,1,,,,,,
53805809adf9a3d8d0d33c71253fe7eb_r7.jpeg,1,,,,,,
53805809adf9a3d8d0d33c71253fe7eb_r8.jpeg,1,,,,,,
53805809adf9a3d8d0d33c71253fe7eb_r9.jpeg,1,,,,,,
53805809adf9a3d8d0d33c71253fe7eb_r10.jpeg,1,,,,,,
53805809adf9a3d8d0d33c71253fe7eb_r11.jpeg,1,,,,,,
53805809adf9a3d8d0d33c71253fe7eb_r12.jpeg,1,,,,,,
53805809adf9a3d8d0d33c71253fe7eb_r13.jpeg,1,,,,,,
53805809adf9a3d8d0d33c71253fe7eb_r14.jpeg,1,,,,,,
c16b470eb027c3d14f43f3c2887d7913_r1.jpeg,1,,,,,,
c16b470eb027c3d14f43f3c2887d7913_r2.jpeg,1,,,,,,
c16b470eb027c3d14f43f3c2887d7913_r3.jpeg,1,,,,,,
c16b470eb027c3d14f43f3c2887d7913_r4.jpeg,1,,,,,,
c16b470eb027c3d14f43f3c2887d7913_r5.jpeg,1,,,,,,
c16b470eb027c3d14f43f3c2887d7913_r6.jpeg,1,,,,,,
c16b470eb027c3d14f43f3c2887d7913_r7.jpeg,1,,,,,,
c16b470eb027c3d14f43f3c2887d7913_r8.jpeg,1,,,,,,
c16b470eb027c3d14f43f3c2887d7913_r9.jpeg,1,,,,,,
c16b470eb027c3d14f43f3c2887d7913_r10.jpeg,1,,,,,,
c16b470eb027c3d14f43f3c2887d7913_r11.jpeg,1,,,,,,
c16b470eb027c3d14f43f3c2887d7913_r12.jpeg,1,,,,,,
Cec0c6c2bc54b29308b26564a4307373_r1.jpeg,1,,,,,,
Cec0c6c2bc54b29308b26564a4307373_r2.jpeg,1,,,,,,
Cec0c6c2bc54b29308b26564a4307373_r3.jpeg,1,,,,,,
Cec0c6c2bc54b29308b26564a4307373_r4.jpeg,1,,,,,,
Cec0c6c2bc54b29308b26564a4307373_r5.jpeg,1,,,,,,
Cec0c6c2bc54b29308b26564a4307373_r6.jpeg,1,,,,,,
Cec0c6c2bc54b29308b26564a4307373_r7.jpeg,1,,,,,,
Cec0c6c2bc54b29308b26564a4307373_r8.jpeg,1,,,,,,
Cec0c6c2bc54b29308b26564a4307373_r9.jpeg,1,,,,,,
Cec0c6c2bc54b29308b26564a4307373_r10.jpeg,1,,,,,,
Cec0c6c2bc54b29308b26564a4307373_r11.jpeg,1,,,,,,
Cec0c6c2bc54b29308b26564a4307373_r12.jpeg,1,,,,,,
eb38e89f02ac0fda250439f78e26eae6_r1.jpeg,1,,,,,,
eb38e89f02ac0fda250439f78e26eae6_r2.jpeg,1,,,,,,
eb38e89f02ac0fda250439f78e26eae6_r3.jpeg,1,,,,,,
eb38e89f02ac0fda250439f78e26eae6_r4.jpeg,1,,,,,,
eb38e89f02ac0fda250439f78e26eae6_r5.jpeg,1,,,,,,
eb38e89f02ac0fda250439f78e26eae6_r6.jpeg,1,,,,,,
eb38e89f02ac0fda250439f78e26eae6_r7.jpeg,1,,,,,,
eb38e89f02ac0fda250439f78e26eae6_r8.jpeg,1,,,,,,
eb38e89f02ac0fda250439f78e26eae6_r9.jpeg,1,,,,,,
eb38e89f02ac0fda250439f78e26eae6_r10.jpeg,1,,,,,,
eb38e89f02ac0fda250439f78e26eae6_r11.jpeg,1,,,,,,
eb38e89f02ac0fda250439f78e26eae6_r12.jpeg,1,,,,,,
f83eb225bdeaba34d5fa83d0a756d13b_r1.jpeg,1,,,,,,
f83eb225bdeaba34d5fa83d0a756d13b_r2.jpeg,1,,,,,,
f83eb225bdeaba34d5fa83d0a756d13b_r3.jpeg,1,,,,,,
f83eb225bdeaba34d5fa83d0a756d13b_r4.jpeg,1,,,,,,
f83eb225bdeaba34d5fa83d0a756d13b_r5.jpeg,1,,,,,,
f83eb225bdeaba34d5fa83d0a756d13b_r6.jpeg,1,,,,,,
f83eb225bdeaba34d5fa83d0a756d13b_r7.jpeg,1,,,,,,
f83eb225bdeaba34d5fa83d0a756d13b_r8.jpeg,1,,,,,,
f83eb225bdeaba34d5fa83d0a756d13b_r9.jpeg,1,,,,,,
f83eb225bdeaba34d5fa83d0a756d13b_r10.jpeg,1,,,,,,
f83eb225bdeaba34d5fa83d0a756d13b_r11.jpeg,1,,,,,,
f83eb225bdeaba34d5fa83d0a756d13b_r12.jpeg,1,,,,,,
